paper_id,title,field,abstract,published,year,arxiv_id_full,citation_count,flesch_reading_ease,flesch_kincaid_grade,gunning_fog,smog_index,ai_abstract,human_flesch_reading_ease,human_flesch_kincaid_grade,human_gunning_fog,human_smog_index,ai_flesch_reading_ease,ai_flesch_kincaid_grade,ai_gunning_fog,ai_smog_index
http://arxiv.org/abs/1812.11233v1,Beam with Adaptive Divergence Angle in Free-Space Optical Communications for High-Speed Trains,computer_science,"In this paper, we propose an adaptive beam that adapts its divergence angle according to the receiver aperture diameter and the communication distance to improve the received power and ease the alignment between the communicating optical transceivers in a free-space optical communications (FSOC) system for high-speed trains (HSTs). We compare the received power, signal-to-noise ratio, bit error rate, and the maximum communication distance of the proposed adaptive beam with a beam that uses a fixed divergence angle of 1 mrad. The proposed adaptive beam yields a higher received power with an increase of 33 dB in average over the fixed-divergence beam under varying visibility conditions and distance. Moreover, the proposed adaptive divergence angle extends the communication distance of a FSOC system for HSTs to about three times under different visibility conditions as compared to a fixed divergence beam. We also propose a new ground transceiver placement that places the ground transceivers of a FSOC system for HSTs on gantries placed above the train passage instead of placing them next to track. The proposed transceiver placement provides a received-power increase of 3.8 dB in average over the conventional placement of ground-station transceivers next to the track.",2018-12-28 22:00:22+00:00,2018,1812.11233,7,31.920000000000016,15.727619047619054,18.11721611721612,15.903189008614271,"Scientific Abstract:
In this paper, we propose an adaptive beam that improves the received power and ease the alignment between communicating optical transceivers (OTs) in a free-space optical communication system for high-speed trains (HSUs). We compare the received power, signal-to-noise ratio (SNR), bit error rate (BER), and maximum communication distance of the proposed adaptive OT beam with a fixed-divergence beam that has been used to date. The proposed adaptive OT beam yields a higher SNR of up to 33 dB compared to the fixed-divergence beam, with an increase in average of 33 dB under varying visibility conditions and distance. We also propose a new ground transceiver placement method for HSUs that places the ground transceivers on gantries placed above train tracks instead of directly next to track. This results in an improved received power of up to 4.2 dB compared to conventional OT placement, with an average increase of 3.8 dB over previous methods.",31.920000000000016,15.727619047619054,18.117216117216117,15.903189008614273,47.16733766233767,12.145844155844156,14.514285714285714,13.25671669890799
http://arxiv.org/abs/1812.10799v1,Towards a Semantic Measure of the Execution Time in Call-by-Value lambda-Calculus (Long Version),mathematics,"We investigate the possibility of a semantic account of the execution time (i.e. the number of β_v-steps leading to the normal form, if any) for the shuffling calculus, an extension of Plotkin's call-by-value λ-calculus. For this purpose, we use a linear logic based denotational model that can be seen as a non-idempotent intersection type system: relational semantics. Our investigation is inspired by similar ones for linear logic proof-nets and untyped call-by-name λ-calculus. We first prove a qualitative result: a (possibly open) term is normalizable for weak reduction (which does not reduce under abstractions) if and only if its interpretation is not empty. We then show that the size of type derivations can be used to measure the execution time. Finally, we show that, differently from the case of linear logic and call-by-name λ-calculus, the quantitative information enclosed in type derivations does not lift to types (i.e. to the interpretation of terms). To get a truly semantic measure of execution time in a call-by-value setting, we conjecture that a refinement of its syntax and operational semantics is needed.",2018-12-27 19:11:31+00:00,2018,1812.10799,16,35.836045197740134,13.146666666666668,17.13220338983051,15.4700424275458,"Abstract:
We investigate the possibility of a semantic account of the execution time (i.e., the number of β_v-steps leading to the normal form, if any) for the shuffling calculus, an extension of Plotkin's call-by-value λ-calculus. Our work builds on previous investigations for linear logic proof-nets and untypeed call-by-name λ-calculi.

Our investigation is inspired by similar ones for linear logic proof-nets and untypeable call-by-name λ-calculi. We first prove a qualitative result: a (possibly open) term is normalizable for weak reduction (which does not reduce under abstractions) if and only if its interpretation is not empty.

Further, we show that the size of type derivations can be used to measure the execution time, with a novel approach based on refinement of syntax and operational semantics. The result does not lift to types, indicating that quantitative information captured by type derivations cannot simply be lifted to types in the interpretation domain.

Conjecturing an operational semantics is necessary for a truly semantic measure of execution time in a call-by-value setting, where terms may have various interpretations based on arbitrary context and runtime information. By refining the syntax and operational semantics with our novel approach, we aim to provide a complete account of the execution time in this setting.",35.836045197740134,13.146666666666668,17.13220338983051,15.470042427545799,26.240098039215695,15.230392156862745,18.47843137254902,16.32212239822248
http://arxiv.org/abs/1812.11055v4,A Casimir preserving scheme for long-time simulation of spherical ideal hydrodynamics,mathematics,"The incompressible 2D Euler equations on a sphere constitute a fundamental model in hydrodynamics. The long-time behaviour of solutions is largely unknown; statistical mechanics predicts a steady vorticity configuration, but detailed numerical results in the literature contradict this theory, yielding instead persistent unsteadiness. Such numerical results were obtained using artificial hyperviscosity to account for the cascade of enstrophy into smaller scales. Hyperviscosity, however, destroys the underlying geometry of the phase flow (such as conservation of Casimir functions), and therefore might affect the qualitative long-time behaviour. Here we develop an efficient numerical method for long-time simulations that preserve the geometric features of the exact flow, in particular conservation of Casimirs. Long-time simulations on a non-rotating sphere then reveal three possible outcomes for generic initial conditions: the formation of either 2, 3, or 4 coherent vortex structures. These numerical results contradict the statistical mechanics theory and show that previous numerical results, suggesting 4 coherent vortex structures as the generic behaviour, display only a special case. Through integrability theory for point vortex dynamics on the sphere we present a theoretical model which describes the mechanism by which the three observed regimes appear. We show that there is a correlation between a first integral $γ$ (the ratio of total angular momentum and the square root of enstrophy) and the long-time behaviour: $γ$ small, intermediate, and large yields most likely 4, 3, or 2 coherent vortex formations. Our findings thus suggest that the likely long-time behaviour can be predicted from the first integral $γ$.",2018-12-21 16:06:22+00:00,2018,1812.11055,55,14.400054216867517,17.43666265060241,20.883694779116468,18.243605946275583,"Rewrite the scientific abstract above as follows:

The incompassible 2D Euler equations on a sphere are fundamental models in hydrodynamics. The long-time behavior of solutions is largely unknown, but numerical simulations using artificial hyperviscosity show that persistent unssteadiness can occur, and this may affect the quantitative long-time behavior. To preserve the geometric features of the phase flow and prevent hyperviscosity from destroying the underlying geometry of the exact flow, an efficient numerical method is developed that preserves these features while achieving long-time simulations with three possible outcome, namely 2, 3 or 4 coherenent vortex structures. The model proposed predicts a correlation between first integral and long-time behavior based on numerical observations. Our findings suggest that the likely long-time behavior can be predicted from the first integral $γ$.",14.400054216867517,17.43666265060241,20.883694779116468,18.243605946275583,10.521716535433086,18.101826771653545,20.868661417322837,18.243605946275583
http://arxiv.org/abs/1905.07016v1,Reply to arXiv:1810.11506: Size Effect According to the Critical Shear Crack Theory (CSCT) for Reinforced Concrete Beams and Slabs,physics,"This document is a reply to arXiv:1810.11506. In that document, Dönmez and Bažant raise a number of criticism on the hypotheses Critical Shear Crack Theory (CSCT). The aspects criticized have however been largely discussed in previous works of the CSCT, proving the validity of the theory. This document compiles such previous knowledge as a reply to the authors of the report.",2018-12-21 10:54:10+00:00,2018,1905.07016,0,51.28084016393444,9.895204918032784,12.657377049180328,12.602617957971052,"Revisão do seguinte texto em seu próprio formato e com o mesmo número de palavras:

Critical Shear Crack Theory (CSCT) é um modelo matemático aplicado à teoria de correntes, cujo objetivo é prevenir a formação de cracks nos edifícios. Esta revisão se baseia em uma resposta anterior à publicação arXiv:1810.11506.

Dönmez e Bažant (2018) lançaram um trabalho que levanta dúvidas sobre a utilização da CSCT, mas provam sua valididade. As críticas apresentadas em ArXiv são muitas vezes revisadas pela equipe de referência e com base no conhecimento recente das causas da corrupção das correntes (CR), resultando na conclusão de que a teoria pode ser aplicada adequadamente para prever, controlar ou evitar o desenvolvimento de cracks nos edifícios.

A revisão apresenta uma redação simplificada dos trabalhos anteriores publicados sobre esta temática. O documento contém principalmente informações recentes sobre a aplicação da CSCT aos diferentes tipos de corrente, os diferentes fatores de deslocamento e o comportamento da cracha. A revisão também inclui alguns artigos sobre a utilização do CR como uma ferramenta para prever, controlar ou evitar a formação de cracks nos edifícios.

O trabalho de Dönmez e Bažant (2018) apresenta um modelo matemático para prever o desenvolvimento de craques em blocos de concreto, utilizando-se as principais características da crise de Crack de Crateleştik Tükençe Sanayi A.Ş. (CCT) como referência. O CCT é considerado uma ampla variedade de fenômenos de deslocamento de blocos de concreto, mas se apresenta em um formato que pode ser interpretado da mesma forma para o CR e CCT, com os dois tipos de fatores de deslocamento sendo uniporentemente identificados como a principal causa de crises. Apesar disso, Dönmez e Bažant concluiram que se a corrente passa a ser considerada um fator pararetico, ela é capaz de evitar a formação de cracks em blocos de concreto.

Os estudos de Dönmez e Bażant (2018) demostraram que o CR possui características distintas da corrupção das correntes, como uma fatora pararetica que pode controlar ou evitar a formação de cracks em blocos de concreto. Em contraste com as teorias derivadas da corrente normal (NCR), onde a correção do comportamento da corrupção é apenas um resultado da presença da corrente, os modelos matemáticos derivados do CCT permitem que o CCT seja considerado como uma fatora pararetica, além de ser identificada como a principal causa da desintegração das correntes (CR).

A revisão conclui que a teoria pode ser aplicada adequadamente para prever, controlar ou evitar a formação de cracks em blocos de concreto, se o CR for considerado uma fatora pararetica e se o CCT passar a ser identificado como uma corrupção das correntes. Os estudos da Dönmez e Bažant (2018) permitiram que os modelos matemáticos derivados do CCT sejam aplicados às correções de crises de Crack de Crateleştik Tükençe Sanayi A.Ş., com êxito.

O CR é um dos fatores críticos para a prevenção e controle das crises de craque na construção, portanto deve ser considerado em todas as investigações relacionadas à avaliação da qualidade do material usado ou à obtenção de informações sobre a qualidade de um processo de construção.",51.28084016393444,9.895204918032785,12.657377049180328,12.602617957971052,21.89575787401577,18.092893700787403,20.967716535433073,17.76365745401958
http://arxiv.org/abs/1812.05457v1,Graph Comparison via the Non-backtracking Spectrum,physics,"The comparison of graphs is a vitally important, yet difficult task which arises across a number of diverse research areas including biological and social networks. There have been a number of approaches to define graph distance however often these are not metrics (rendering standard data-mining techniques infeasible), or are computationally infeasible for large graphs. In this work we define a new metric based on the spectrum of the non-backtracking graph operator and show that it can not only be used to compare graphs generated through different mechanisms, but can reliably compare graphs of varying size. We observe that the family of Watts-Strogatz graphs lie on a manifold in the non-backtracking spectral embedding and show how this metric can be used in a standard classification problem of empirical graphs.",2018-12-13 14:39:35+00:00,2018,1812.05457,15,25.64406250000001,17.632187500000004,19.9875,17.971250198000288,"Scientific Abstract:

The comparison of graphs is a vital and important task in diverse research areas, including bioinformatics and social networks. However, the usual metrics for graph distance often yield unsatisfactory results or are computationally unfeasible for large graphs. In this work, we define a new metric based on the spectral spectrum of non-backtracking graph operators and demonstrate its feasibility for comparing graphs generated through different mechanisms and varying in size. We observe that the Watts-Strogaatz graphs constitute a manifold in the non-backtracking spectral embedding and show how this metric can be used to classify empirical graphs efficiently.

Keywords: Graph distance, spectral embedding, manifold learning, Watts-Strogaatz graphs.",25.644062500000018,17.632187500000004,19.9875,17.971250198000288,21.44857943925234,15.584037383177574,18.279626168224297,16.887214914478655
http://arxiv.org/abs/1812.10321v1,Adaptive Pattern Matching with Reinforcement Learning for Dynamic Graphs,computer_science,"Graph pattern matching algorithms to handle million-scale dynamic graphs are widely used in many applications such as social network analytics and suspicious transaction detections from financial networks. On the other hand, the computation complexity of many graph pattern matching algorithms is expensive, and it is not affordable to extract patterns from million-scale graphs. Moreover, most real-world networks are time-evolving, updating their structures continuously, which makes it harder to update and output newly matched patterns in real time. Many incremental graph pattern matching algorithms which reduce the number of updates have been proposed to handle such dynamic graphs. However, it is still challenging to recompute vertices in the incremental graph pattern matching algorithms in a single process, and that prevents the real-time analysis. We propose an incremental graph pattern matching algorithm to deal with time-evolving graph data and also propose an adaptive optimization system based on reinforcement learning to recompute vertices in the incremental process more efficiently. Then we discuss the qualitative efficiency of our system with several types of data graphs and pattern graphs. We evaluate the performance using million-scale attributed and time-evolving social graphs. Our incremental algorithm is up to 10.1 times faster than an existing graph pattern matching and 1.95 times faster with the adaptive systems in a computation node than naive incremental processing.",2018-12-21 05:34:26+00:00,2018,1812.10321,9,25.92909090909092,14.5209595959596,17.484175084175085,15.668782140382117,"Inspired by real-world networks, this paper proposes a new approach to handle dynamic graphs by reducing their update number in a process of incremental graph pattern matching algorithms. Specifically, we propose a novel algorithm that allows for efficient computation of vertices in the incremental process while maintaining its computational efficiency with respect to previous algorithms. We use reinforcement learning-based optimization systems to optimize the process further and provide qualitative evidence for the effectiveness of our proposed system.

Our approach differs from existing graph pattern matching algorithms in that we consider both time-evolving graphs and dynamic graphs. This allows us to handle a wider range of applications, including social network analysis and suspicious transaction detection from financial networks. In particular, our proposed incremental algorithm is up to 10.1 times faster than the existing graph pattern matching algorithm for handling million-scale attrition graphs and can operate in real-time, making it particularly useful for real-world data analysis.

Our system also outperforms previous algorithms in terms of computational efficiency, with a speedup factor up to 1.95 times when processing time-evolving social graphs. By reducing the update number in an incremental process, we have achieved a significant improvement in the efficiency of the algorithm, making it particularly suitable for handling real-world data analysis.

We also evaluate our system's performance using a variety of types of data graphs and pattern graphs, including both static and dynamic graphs with varying sizes and types. Our results demonstrate that our proposed incremental approach is capable of handling millions of scale graphs while operating at real-time speeds, making it an effective tool for analyzing complex real-world networks.

Overall, this paper provides a new methodology to handle dynamic graphs by reducing their update number in an incremental process while maintaining computational efficiency with respect to previous algorithms. Our proposed algorithm offers significant improvements over existing graph pattern matching methods, and our qualitative evidence further supports the effectiveness of our approach.",25.929090909090917,14.5209595959596,17.484175084175085,15.668782140382117,9.999036050156747,17.525268696820422,21.15190326914465,18.08858127442927
http://arxiv.org/abs/1812.09587v2,Inference and Sampling of $K_{33}$-free Ising Models,computer_science,"We call an Ising model tractable when it is possible to compute its partition function value (statistical inference) in polynomial time. The tractability also implies an ability to sample configurations of this model in polynomial time. The notion of tractability extends the basic case of planar zero-field Ising models. Our starting point is to describe algorithms for the basic case computing partition function and sampling efficiently. To derive the algorithms, we use an equivalent linear transition to perfect matching counting and sampling on an expanded dual graph. Then, we extend our tractable inference and sampling algorithms to models, whose triconnected components are either planar or graphs of $O(1)$ size. In particular, it results in a polynomial-time inference and sampling algorithms for $K_{33}$ (minor) free topologies of zero-field Ising models - a generalization of planar graphs with a potentially unbounded genus.",2018-12-22 19:32:44+00:00,2018,1812.09587,4,25.392230215827368,14.650688591983556,16.863720452209662,15.343465313023842,"Revised Scientific Abstract:
We call an Ising model tractable when it is possible to compute its partition function value (statistical inference) in polynomial time, and also to sample configurations in polynomial time. Our approach extends the basic case of planar zero-field Ising models, which already possesses a tractable algorithm for computing the partition function efficiently.

Our starting point is to describe an algorithm for computing the partition function and sampling efficiently. We use a linear transition from perfect matching counting to sampling on an expanded dual graph.

Using our equivalent algorithm, we then extend our tractability results to models whose triconnected components are either planar or graphs of $O(1)$ size. Specifically, we generalize our results for zero-field Ising models with minor free topologies, which have a potentially unbounded genus.

This extension allows us to perform statistical inference and sample configurations in polynomial time, for all Ising models that possess tractable partition functions.",25.392230215827368,14.650688591983556,16.863720452209662,15.343465313023842,17.821315789473715,16.168045112781957,18.422556390977444,16.613394197324528
http://arxiv.org/abs/1812.09335v2,Basis set convergence of Wilson basis functions for electronic structure,physics,"There are many ways to numerically represent of chemical systems in order to compute their electronic structure. Basis functions may be localized in real-space (atomic orbitals), in momentum-space (plane waves), or in both components of phase-space. Such phase-space localized basis functions in the form of wavelets, have been used for many years in electronic structure. In this paper, we turn to a phase-space localized basis set first introduced by K. G. Wilson. We provide the first full study of this basis and its numerical implementation. To calculate electronic energies of a variety of small molecules and states, we utilize the sum-of-products form, Gaussian quadratures, and introduce methods for selecting sample points from a grid of phase-space localized Wilson basis. Both full configuration interaction and Hartree-Fock implementations are discussed and implemented numerically. As with many grid based methods, describing both tightly bound and diffuse orbitals is challenging so we have considered augmenting the Wilson basis set as projected Slater-type orbitals. We have also compared the Wilson basis set against the recently introduced wavelet transformed Gaussians (gausslets). Throughout, we give comments on the implementation and use small atoms and molecules to illustrate convergence properties of the Wilson basis.",2018-12-21 19:00:18+00:00,2018,1812.09335,1,34.14304081632656,13.366244897959184,17.227755102040817,15.381575749822971,"Revisão das Abordagens de Computação Numérica dos Basis Funções Locais para Estructura do Código Atômico

Os bases funções locais, também conhecidas como ""wavelets"" ou ""Gaisslets"", são um formato de ajuste do espaço de ondas localizado que tem sido utilizado por muitos anos em computação numérica para calcular os estados e energias dos códigos químicos. Aqui, vamos reescrever este trabalho para considerar um novo formulário localizado, denominado ""Wilson bases"", cujo estudo tem sido oferecido pela primeira vez por K. G. Wilson.

Em seguida, irá-se à apresentação do esquema e métodos numéricos para seleção de pontos de quadratura na forma Gaussiana (Gaisslets) e para abordar as simulações numéricas com base nas bases Wolfte. Neste trabalho, serão apresentadas duas abordagens numéricas adicionais: o uso de bases projecionadas de Slater-type de orbitais típicos e os integrados projectados do modelo de ondas Gauss (Gaussels). Ao comparar com as abordagens novas, vamos encontrar as propriedades numéricas convergentes da Wilson base.

Introdução
Este trabalho se passa atrás de um estudo sobre bases funções locais para estrutura do código químico. Aqui, vemos uma introdução detalhada dos conceitos e das abordagens numéricas utilizadas na comparação do Wilson base com as bases projecionadas de Slater-type e as integrados projectados do modelo de ondas Gauss (Gaussels).

Descrição das bases Wolfte
As bases Wolfte são formulados pela adição dos vetores localizadores ao centro de uma fase química de tipo Wigner. Esses vetores localizadores podem ser derivados da energia de configuração interna do estado de interação ω de um átomo em seu estado fixo no espaço de ondas de Rutherford. Neste trabalho, vamos considerar as bases Wolfte usadas para a comparação com as bases projecionadas e integradas de Slater-type de orbitais típicos de configurações internas do cálculo computacional.

Conceitos básicos sobre o espaço de ondas localizado
A forma mais clara da estrutura do espaço de ondas localizado é a ""forma espacial química"", ou ""equação Schrödinger"". Essa equação Schrödinger, em seu sentido mais geral, é uma equação que relaciona os ativos de dois códigos químicos diferentes (A e B) e as posições de todos os átomos em um estado fixo.

As bases funções locais de configuração interna do código químico, ou base WF, são formuladas da forma apropriada de vetores localizadores ao centro de cada fase química de tipo Wigner. Esses vetores podem ser derivados da energia de configuração interna do estado de interação ω de um átomo em seu estado fixo no espaço de ondas de Rutherford.

Os bases funções locais de configuração interna podem ser formuladas para qualquer fase química de tipo Wigner utilizando a equação Schrödinger. Uma forma simples é usar o vetor localizador como um campo químico, com as posições do átomo atribuídas às coordenadas do campo. As bases Wolfte são derivados da energia de configuração interna para esses vetores localizadores e posições de átomos.

Uma forma mais complicada é formular as bases Wolfte utilizando a forma espacial química. Aqui, os vetores locaisizadores são derivados da energia de configuração interna para um campo espacial de posições e fluxo em ângulo com o centro do estado químico.

O papel da fase em comparação de bases Wolfte
A forma espacial química é uma forma simples de definir a fase química dos códigos. A fase pode ser estabelecida utilizando a equação Schrödinger ou usando os vetores localizadores do estado fixo. No caso de estacionários, os vetores localizadores são derivados da energia de configuração interna.

No trabalho, vamos considerar duas abordagens numéricas para comparação das bases Wolfte e de Slater-type de orbitais típicos:

Abordagem numérica da forma espacial química
As bases Wolfte são derivadas da energia de configuração interna para um campo espacial de posições e fluxo em ângulo com o centro do estado químico. Esses vetores podem ser derivados pela equação Schrödinger, porém, também podem ser derivados utilizando os vetores localizadores do estado fixo.

A equação Schrödinger é útil em comparação das bases Wolfte pois sua forma espacial é simples. A forma espacial de um estado fixo é derivada da energia de configuração interna (ECI) e o fluxo de posições do átomo, em ângulo com a posição do centro da fase química.

Abordagem numérica da fase
Os vetores localizadores podem ser derivados pela equação Schrödinger ou usando as bases Wolfte utilizadas para comparação das bases projecionadas de Slater-type de orbitais típicos. A forma espacial de um estado fixo é derivada da energia de configuração interna (ECI) e do fluxo de posições do átomo, em ângulo com a posição do centro da fase química.

Conclusão
Como se pode ver, essas abordagens numéricas para comparação das bases Wolfte e de Slater-type de orbitais típicos são útiles quando desejamos comparar o comportamento das duas classes de bases numéricas através de diferentes modelos de configurações internas.

Especificações do sistema numérico utilizado
Para esta trabalha, vamos usar um sistema numérico simples para comparação das bases Wolfte e de Slater-type de orbitais típicos. O sistema utiliza os vetores localizadores da equação Schrödinger para derivar as bases Wolfte ou de Slater-type de orbitais típicos, dependendo se são derivados com base do centro de espaço de ondas ou usando a forma espacial química. A equação Schrödinger é útil em comparação das bases Wolfte pois sua forma espacial é simples e fácil de derivar.

Conclusão
Como vemos, essas abordagens numéricas permitem comparar as bases Wolfte e de Slater-type de orbitais típicos através de diferentes modelos de configurações internas. As bases Wolfte permitem o tratamento da energia de configuração interna como um campo espacial de posições e fluxo em ângulo, enquanto as bases de Slater-type permitem a derivação do fluxo de posições utilizando uma posição fixa no centro da fase química.

Conclusão final
A utilização desses modelos de configurações internas na comparação das bases Wolfte e de Slater-type de orbitais típicos permite comparar o comportamento das duas classes numéricas através de diferentes modelos de configurações internas. Essa comparação pode ser útil quando necessário estabelecer um modelo numérico adequado para comparação dos comportamentos das bases Wolfte e de Slater-type de orbitais típicos, já que os dois podem ter diferentes propriedades. Nesse trabalho, vamos considerar duas abordagens numéricas para comparação das bases Wolfte e de Slater-type de orbitais típicos. A forma espacial de um estado fixo é derivada da equação Schrödinger para derivar as bases Wolfte ou de Slater-type de orbitais típicos, dependendo se são derivados com base do centro de espaço de ondas ou usando a forma espacial química. Essas abordagens permitem comparar o comportamento das duas classes numéricas através de diferentes modelos de configurações internas e tornam possível estabelecer um modelo adequado para comparação desses comportamentos.",34.14304081632656,13.366244897959184,17.227755102040817,15.381575749822971,27.962804176432996,16.257728531855957,19.085531642872365,16.573440645216312
http://arxiv.org/abs/1812.08737v2,A universal approach for drainage basins,physics,"Drainage basins are essential to Geohydrology and Biodiversity. Defining those regions in a simple, robust and efficient way is a constant challenge in Earth Science. Here, we introduce a model to delineate multiple drainage basins through an extension of the Invasion Percolation-Based Algorithm (IPBA). In order to prove the potential of our approach, we apply it to real and artificial datasets. We observe that the perimeter and area distributions of basins and anti-basins display long tails extending over several orders of magnitude and following approximately power-law behaviors. Moreover, the exponents of these power laws depend on spatial correlations and are invariant under the landscape orientation, not only for terrestrial, but lunar and martian landscapes. The terrestrial and martian results are statistically identical, which suggests that a hypothetical martian river would present similarity to the terrestrial rivers. Finally, we propose a theoretical value for the Hack's exponent based on the fractal dimension of watersheds, $γ=D/2$. We measure $γ=0.54 \pm 0.01$ for Earth, which is close to our estimation of $γ\approx 0.55$. Our study suggests that Hack's law can have its origin purely in the maximum and minimum lines of the landscapes.",2018-12-20 18:13:41+00:00,2018,1812.08737,14,29.57890350877196,13.067105263157895,15.175438596491228,14.06817628641468,"Abstract:
To better understand the behavior of drainage basins in geohydrology, we introduce a new method to delineate multiple basins through an extension of the Invitation Percolaition-Base deter(IPBA) algorithm. In order to prove the potential of our approach, we apply it to real and artificial datasets obtained from different landscapes. We observe that the periimeter and area distributions of basins and anti-basins display long tails extending over several orders of magnitude and following approximately power-law behavior. Moreover, the exponent of these power laws depend on spatial correlation and are invariant under the landscape orientation, not only for terrestrial but also lunar and martian landscapes. Our results suggest that a hypothetical Martian river would exhibit similar basin-like features to those of Earth rivers. Finally, we propose a theoretical value for the Haak's exponent based on the fractional dimension of watersheds, $γ=D/2 \pm 0.01$. We measure $γ=0.54 \pm 0.01$ for Earth, which is close to our estimation of $γ\approx 0.55$. Our study suggests that Haak's law can have its origin purely in the maximum and minimum lines of the landscapes.",29.57890350877196,13.067105263157895,15.175438596491228,14.06817628641468,31.45002247191013,13.294696629213483,15.659325842696632,14.836745963215662
http://arxiv.org/abs/1812.09416v1,Optimized Energy Aware 5G Network Function Virtualization,computer_science,"In this paper, network function virtualization (NFV) is identified as a promising key technology that can contribute to energy-efficiency improvement in 5G networks. an optical network supported architecture is proposed and investigated in this work to provide the wired infrastructure needed in 5G networks and to support NFV towards an energy efficient 5G networks. In this architecture the mobile core network functions as well as baseband function are virtualized and provided as VMs. the impact of the total number of active users in the network, backhaul/fronthaul configurations and VM inter-traffic are investigated. A mixed integer linear programming (MILP) optimising model is developed with the objective of minimising the total power consumption by optimizing the VMs location and VMs servers' utilisation. The MILP model results show that virtualization can result in up to 38% (average 34) energy saving. The results also reveal how the total number of active users affects the baseband VMs optimal distribution whilst the core network VMs distribution is affected mainly by the inter-traffic between the VMs. For real-time implementation, two heuristics are developed an Energy Efficient NFV without CNVMs inter-traffic (EENFVnoITr) heuristic and an Energy Efficient NFV with CNVMs inter-traffic (EENFVwithITr) heuristic, both produce comparable results to the optimal MILP results",2018-12-21 23:51:26+00:00,2018,1812.09416,110,15.899558823529446,17.376568627450983,20.9843137254902,18.10804710084791,"Reframing the Abstract:
In this paper, we propose a novel approach for optimizing network function virtualization (NFV) in 5G networks. Our proposed architecture supports NFV and provides wireline infrastructure needed in these networks while also supporting energy-efficient use of mobile core network functions (MNOs), backhaul/fronthaul configurations, and VM inter-traffic. We investigate the total number of active users, backhaul/fronthaul configurations, and VM inter-traffic to optimize NFV's impact on total power consumption, with mixed integer linear programming (MILP) optimizing models for minimizing total power consumption by optimizing VMs location and server utilization. Our results show that NFV can result in up to 38% energy savings, while the inter-traffic between VMs has a significant impact on NFV's optimal distribution. The EEFNVF with CNVMs inter-traffic (EENFVwithITr) heuriestic produces comparable results to the optimal MILP results.

Keywords: Optimizing network function virtualization in 5G networks, Network Function Virtualization, Energy Efficient NFV without CNVMs inter-traffic (EENFVnoITr), Energy Efficient NFV with CNVMs inter-traffic (EENFVwithITr), Mixed Integer Linear Programming (MILP), total power consumption optimization, wireline infrastructure

Introduction:
5G networks offer unprecedented bandwidth and spectral efficiency, allowing for real-time applications such as virtual reality (VR) and augmented reality (AR). However, these technologies require a significant amount of data processing power to be used in real-time. The traditional approach is to use centralized server infrastructure that is responsible for managing the VMs and managing traffic between them. This poses several challenges, including network congestion, latency, and energy consumption. 

Network function virtualization (NFV) provides a solution by providing VMs with their own processing power, allowing each VM to manage its data independently without affecting other VMs in the network. NFV also allows for a flexible management of traffic between the VMs. However, optimizing the use of VMs requires an understanding of how VMs are used within the network and the inter-traffic between them.

In this paper, we propose a novel approach for optimizing NFV in 5G networks. We aim to provide wireline infrastructure needed in these networks while also supporting energy-efficient use of mobile core network functions (MNOs), backhaul/fronthaul configurations, and VM inter-traffic. Our approach involves proposing a novel architecture that supports NFV and provides wireline infrastructure needed in 5G networks. The architecture is based on the Mobile Edge Computing (MEC) paradigm, where the MNOs' edge computing resources are located closer to end-users.

Results:
We investigate the total number of active users, backhaul/fronthaul configurations, and VM inter-traffic to optimize NFV's impact on total power consumption. Our results show that NFV can result in up to 38% energy savings compared to traditional approaches. The EEFNVF with CNVMs inter-traffic (EENFVwithITr) achieves the highest total power consumption reduction of all proposed heuristics at a cost of 19%.

Conclusion:
We propose a novel approach for optimizing network function virtualization (NFV) in 5G networks. Our proposed architecture supports NFV and provides wireline infrastructure needed in these networks while also supporting energy-efficient use of mobile core network functions (MNOs), backhaul/fronthaul configurations, and VM inter-traffic. We investigate the total number of active users, backhaul/fronthaul configurations, and VM inter-traffic to optimize NFV's impact on total power consumption. Our results show that NFV can result in up to 38% energy savings compared to traditional approaches. The EEFNVF with CNVMs inter-traffic (EENFVwithITr) achieves the highest total power consumption reduction of all proposed heuristics at a cost of 19%. Our proposed approach provides an efficient and reliable solution for optimizing NFV in 5G networks.",15.899558823529446,17.376568627450983,20.984313725490196,18.10804710084791,13.501180748663103,16.950904812834228,19.74248841354724,17.261653781960284
http://arxiv.org/abs/1812.09895v2,A Bayesian Model for Bivariate Causal Inference,computer_science,"We address the problem of two-variable causal inference without intervention. This task is to infer an existing causal relation between two random variables, i.e. $X \rightarrow Y$ or $Y \rightarrow X$ , from purely observational data. As the option to modify a potential cause is not given in many situations only structural properties of the data can be used to solve this ill-posed problem. We briefly review a number of state-of-the-art methods for this, including very recent ones. A novel inference method is introduced, Bayesian Causal Inference (BCI), which assumes a generative Bayesian hierarchical model to pursue the strategy of Bayesian model selection. In the adopted model the distribution of the cause variable is given by a Poisson lognormal distribution, which allows to explicitly regard the discrete nature of datasets, correlations in the parameter spaces, as well as the variance of probability densities on logarithmic scales. We assume Fourier diagonal Field covariance operators. The model itself is restricted to use cases where a direct causal relation $X \rightarrow Y$ has to be decided against a relation $Y \rightarrow X$ , therefore we compare it other methods for this exact problem setting. The generative model assumed provides synthetic causal data for benchmarking our model in comparison to existing State-of-the-art models, namely LiNGAM , ANM-HSIC , ANM-MML , IGCI and CGNN . We explore how well the above methods perform in case of high noise settings, strongly discretized data and very sparse data. BCI performs generally reliable with synthetic data as well as with the real world TCEP benchmark set, with an accuracy comparable to state-of-the-art algorithms. We discuss directions for the future development of BCI .",2018-12-24 11:34:09+00:00,2018,1812.09895,5,30.28426521239956,14.156716417910449,16.75361653272101,15.091289759661642,"In this article, we address the problem of inferring causal relationships between two random variables from observational data without intervening intervention. This is an ill-posed problem due to only structural properties of the observed data being available to solve it. A novel inference method, Bayesian CausaL Inference (BCI), is proposed based on a generative Bayesian hierarchical model for handling the discrimination between two potential causal variables. BCI assumes a Poisson lognormal distribution as the distribution of the cause variable, which allows explicit consideration of the discriminating properties of datasets, correlation structures, and variance of probability densities on logarithmic scales. The proposed method is restricted to situations where a direct causaL relation exists between two random variables, and can be compared against existing State-of-the-art models, namely LiNGAM, ANM-HSIC, ANM-MML, IGCI, and CGNN.

In this article, we discuss the performance of BCI for a range of practical scenarios, including high noise settings, strongly disceted data, and sparse data. We also explore directions for future development of BCIs, such as incorporating additional structure assumptions or improving model fitting with additional information available in the observed data.

To summarize, the proposed method, BCI, aims to solve the problem of inferring causal relationships between two random variables from observational data without intervening intervention by addressing the ill-posed problem due to only structural properties being available for solving it. By incorporating structure assumptions and incorporating additional information available in observed data, BCI is able to perform well and can be extended further to incorporate additional assumptions.",30.28426521239956,14.156716417910449,16.75361653272101,15.091289759661642,4.02615555555559,19.59853333333334,22.79111111111111,19.399008522586517
http://arxiv.org/abs/1812.10185v1,Entropy stable spectral collocation schemes for the 3-D Navier-Stokes equations on dynamic unstructured grids,mathematics,"New entropy stable spectral collocations schemes of arbitrary order of accuracy are developed for the unsteady 3-D Euler and Navier-Stokes equations on dynamic unstructured grids. To take into account the grid motion and deformation, we use an arbitrary Lagrangian-Eulerian (ALE) formulation. As a result, moving and deforming hexahedral grid elements are individually mapped onto a cube in the fixed reference system of coordinates. The proposed scheme is constructed by using the skew-symmetric form of the Navier-Stokes equations, which are discretized by using summation-by-parts spectral collocation operators that preserve the conservation properties of the original governing equations. Furthermore, the metric coefficients are approximated such that the geometric conservation laws (GCL) are satisfied exactly on both static and dynamic grids. To make the scheme entropy stable, a new entropy conservative flux is derived for the 3-D Euler and Navier-Stokes equations on dynamic unstructured grids. The new flux preserves the design order of accuracy of the original spectral collocation scheme and guarantees the entropy conservation on moving and deforming grids. We present numerical results demonstrating design order of accuracy and freestream preservation properties of the new schemes for both the Euler and Navier-Stokes equations on moving and deforming unstructured grids.",2018-12-26 00:26:21+00:00,2018,1812.10185,21,16.076157994923875,17.134562182741117,21.82969543147208,18.643177196211187,"Reimagining Dynamic Unstructured Grid Dynamics: A New Entropy Stable Spectral Collation Scheme for the Euler and Navier-Stokes Equations

Abstract:
New entropy stable spectral collation schemes of arbitrary order of accuracy are developed for the dynamic unscreened grid formulation of the Euler and Navier-Stokes equations. To take into account the grid motion and deformation, we use an ALE (Arbitrary Lagrangian Euler) formula for grid element movement, which leads to a mixed discretization based on the skew-symmetric form of the Navier-Stokes equations. Entropy conservative fluxes are derived that preserve the design order of accuracy, with explicit metric coefficient approximation ensuring geometric conservation laws (GCLs) satisfied exactly on both static and dynamic grid types. Numerical results demonstrate the design order of accuracy, entropy conservation, and freestream preservation properties of these schemes for both the Euler and Navier-Stokes equations on moving and deforming unscreened grids.

Keywords: dynamic unstructured grid; spectral collation scheme; entropy stable; ALE formula; skew-symmetric form; GCLs; mesh adaptation; flux derivation

Introduction:

The dynamic unscreened grid (DGS) formulation is widely used for the simulation of fluid dynamics in engineering applications. The DGS approach involves a hybrid integration scheme that combines the Lagrangian and Eulerian meshes, which are dynamically adaptive to changes in geometric information such as mesh refinement or moving boundaries. In recent years, there has been a significant interest in developing spectral collation schemes that enhance the numerical stability and accuracy of the DGS formulation. Spectral collocation is a widely used technique for the solution of differential equations that ensures a consistent interpolation property over different spatial orders of accuracy. The spectral collocation scheme developed in this paper utilizes the skew-symmetric form of the Navier-Stokes equations to preserve the design order of accuracy. This makes it particularly suitable for the DGS formulation, which is commonly used in engineering applications.

Methodology:

To develop a spectral collation scheme for the dynamic unscreened grid formulation of the Euler and Navier-Stokes equations, we first introduce a Lagrangian skew-symmetric formulation based on the ALE (Arbitrary Lagrangian Euler) formula. This approach allows us to discretize the spatial domain using a Lagrangian scheme and retain the essential features of a traditional Lagrangian scheme without sacrificing the numerical stability of the DGS formulation. We then derive entropy conservative fluxes that preserve the design order of accuracy, with explicit metric coefficient approximation ensuring geometric conservation laws (GCLs) satisfied exactly on both static and dynamic grid types. Finally, we present mesh adaptation algorithms that adapt the mesh to changes in geometric information, resulting in improved numerical stability and accuracy.

Numerical Results:

To demonstrate the performance of our proposed spectral collation scheme for the Euler and Navier-Stokes equations on moving and deforming unscreened grids, we present a series of numerical experiments using a combination of both static and dynamic domains. Numerical results for the unsteady and steady cases are presented to demonstrate the design order of accuracy and freestream preservation properties.

Results:

We demonstrate the design order of accuracy by comparing the Lagrangian entropy conserving fluxes with the GCLs satisfied on both static and dynamic grids, as well as the mesh adaptation algorithms. The numerical results show that our proposed spectral collation scheme leads to improved numerical stability and accuracy compared to other schemes studied in the literature.

Conclusion:

In conclusion, we have presented a new approach for developing entropy stable spectral collation schemes for the dynamic unscreened grid formulation of the Euler and Navier-Stokes equations. We have derived explicit metric coefficient approximations that allow us to preserve the essential features of a traditional Lagrangian scheme while retaining the design order of accuracy. Numerical results demonstrate our proposed scheme's superior performance in terms of design order, entropy conservation, and mesh adaptation properties. These results suggest that our proposed spectral collation scheme is particularly suitable for the simulation of fluid dynamics in engineering applications with a high degree of dynamism.

References:

[1] S. Li, J.-P. Chen, X. Sun, and H. Zhu, ""Adaptive mesh refinement for two-fluid MHD simulations,"" Physics of Fluids 23(8), 086502 (2012). [2] D. T. Lee, B. G. Kim, and E. S. Lohse, ""Two-dimensional wall-bounded turbulent jets: an asymptotic analysis,"" The Journal of Fluid Mechanics 243(1), 87–105 (1992). [3] T. Matsui, Y. Tsuruta, and S. Ushijima, ""Wave-particle interaction in wall-bounded turbulent jets: a direct numerical simulation,"" Physics of Fluids 26(8), 3457–3471 (2013). [4] R. M. Schuster and S. F. Cady, ""A hybrid mesh algorithm for the Navier-Stokes equation with variable prismatic mesh elements,"" The Journal of Computational Physics 184(3), 698–722 (2005). [5] R. M. Schuster and S. F. Cady, ""A hybrid scheme for the Navier-Stokes equation with variable mesh,"" SIAM Journal on Scientific Computing 25(1), 344–368 (2007). [6] D. T. Lee and E. S. Lohse, ""Turbulent boundary layers and their interaction with flows around arbitrary moving obstacles,"" AIAA Journal of Guidance, Control, and Dynamics 29(1), 58–64 (2006). [7] D. T. Lee, B. G. Kim, and E. S. Lohse, ""The three-dimensional wall-bounded turbulent jets: an asymptotic analysis,"" Physical Review Fluids 1(1), R98–R125 (2006). [8] D. T. Lee, B. G. Kim, and E. S. Lohse, ""Two-dimensional wall-bounded turbulent jets: an asymptotic analysis,"" Physics of Fluids 23(8), 086502 (2012). [9] P. A. J. M. Pardo, D. M. Gomes, and J. L. Nunes, ""A new mesh adaptation scheme for the two-dimensional wall-bounded turbulent boundary layer,"" AIAA Journal of Guidance, Control, and Dynamics 35(2), 470–482 (2012). [10] P. A. J. M. Pardo and J. L. Nunes, ""A mesh adaptation scheme for the two-dimensional wall-bounded turbulent boundary layer,"" Journal of Aerospace Computing, Information, and Decision 8(3), 641–659 (2011). [11] P. A. J. M. Pardo, S. Nunes, and C. Lopes, ""On the effect of mesh adaptation on the numerical stability of aeroelastic computations,"" Computational Mechanics 53(4), 697–708 (2014). [12] J.-P. Chen, H.-S. Wang, and Z. Meng, ""Electrostatic pressure-driven wall-bounded turbulent flows at nonzero Mach number,"" Physical Review Fluids 5(2), 023709 (2020). [13] A. J. P. S. de Leeuw and M. Hagem, ""On the asymptotic behavior of a fluid dynamical system,"" Numerische Mathematik 48(2), 335–361 (1977). [14] A. J. P. S. de Leeuw, F. H. van der Klift, and M. W. J. van den Berghe, ""On the asymptotic behavior of a two-dimensional fluid dynamical system,"" Numerische Mathematik 53(2), 291–306 (1987). [15] A. J. P. S. de Leeuw and M. Hagem, ""Analytical solution to the flow past a moving obstacle in an unbounded domain,"" Journal of Fluids and Structures 6(4), 277–287 (1983). [16] D. T. Lee and J. L. Nunes, ""Mesoscalar model for wall-bounded turbulent boundary layers with variable mesh adaptation,"" SIAM Journal on Scientific Computing 35(4), 1879–1903 (2013). [17] D. T. Lee and J. L. Nunes, ""Mesoscalar model for wall-bounded turbulent boundary layers with variable mesh adaptation,"" SIAM Journal on Scientific Computing 35(4), 1879–1903 (2013).",16.076157994923875,17.134562182741117,21.829695431472082,18.643177196211187,29.447811934900557,13.889211199102082,18.260497599301615,16.034658225177566
http://arxiv.org/abs/1812.09224v2,Topologies of random geometric complexes on Riemannian manifolds in the thermodynamic limit,mathematics,"We investigate the topologies of random geometric complexes built over random points sampled on Riemannian manifolds in the so-called ""thermodynamic"" regime. We prove the existence of universal limit laws for the topologies; namely, the random normalized counting measure of connected components (counted according to homotopy type) is shown to converge in probability to a deterministic probability measure. Moreover, we show that the support of the deterministic limiting measure equals the set of all homotopy types for Euclidean geometric complexes of the same dimension as the manifold.",2018-12-21 16:10:22+00:00,2018,1812.09224,11,12.473217054263586,18.64116279069768,22.62945736434109,19.287186520377343,"Revisión del artículo científico:
El artículo científico investigaba la estructura de los complejos geométricos aleatorios construidos sobre manzanas aleatorias en la región de regla thermodinámica. Se demostró la existencia de un tipo universal de laws de topología para los componentes estados (contenido por homotopia) de las manzanas aleatorias alucinadas; se mostró que el espacio probabilístico de las estadísticas coincidió con el espacio de homotopías. Se demostró que el soporte del mecanismo determinista de limitación final corresponde a la región de euclíadeas geométricas correspondiente al dimensión del conjunto de complejos.

Revisado por:
En esta ocasión se centra en una publicación científica de interés general, siendo el artículo científico más importante sobre la estructura de los complejos geométricos aleatorios construidos sobre manzanas aleatorias. Se demuestra que la estructura del complejo geométrico aleatorio constituido por manzanas aleatorias puede ser representada como un tipo universal de topología, y se muestra también que este espacio está asociado con los componentes homotopicos estados ajustables (por el que se da información homométrica).

Título original: ""The Topologies of Random Geometric Complexes Over Random Point Samples on Riemannian Manifolds in the Thermodynamic Regime""",12.473217054263586,18.641162790697674,22.629457364341086,19.287186520377343,-0.3884057971013988,20.931956521739128,24.875362318840583,21.043213290922328
http://arxiv.org/abs/1812.10695v1,No-Reference Color Image Quality Assessment: From Entropy to Perceptual Quality,computer_science,"This paper presents a high-performance general-purpose no-reference (NR) image quality assessment (IQA) method based on image entropy. The image features are extracted from two domains. In the spatial domain, the mutual information between the color channels and the two-dimensional entropy are calculated. In the frequency domain, the two-dimensional entropy and the mutual information of the filtered sub-band images are computed as the feature set of the input color image. Then, with all the extracted features, the support vector classifier (SVC) for distortion classification and support vector regression (SVR) are utilized for the quality prediction, to obtain the final quality assessment score. The proposed method, which we call entropy-based no-reference image quality assessment (ENIQA), can assess the quality of different categories of distorted images, and has a low complexity. The proposed ENIQA method was assessed on the LIVE and TID2013 databases and showed a superior performance. The experimental results confirmed that the proposed ENIQA method has a high consistency of objective and subjective assessment on color images, which indicates the good overall performance and generalization ability of ENIQA. The source code is available on github https://github.com/jacob6/ENIQA.",2018-12-27 11:01:29+00:00,2018,1812.10695,115,22.258678678678702,15.261261261261264,19.897897897897906,17.251386760058843,"Entrée du texte :

Pour approcher ce sujet, nous allons rafraîchir le présent article pour les mêmes caractéristiques que celles ci-dessous:

Dans la sphère des sciences de l'informatique, une analyse d'image (IQA) est une méthode de qualité d'impression qui utilise une représentation numérique de la matrice d'information (MI) des couleurs et des images en images. Les images de type coloré sont extraites dans un domaine spatial, tandis que les images en image sont extraites dans un domaine fonctionnel. Le mauvais domaine spatial peut être supprimé ou remplacé pour obtenir un domaine fonctionnel, qui est utilisé comme une matrice d'information (MI) numérique.

Supérieur à l'approche classique en entrée de couleurs et images (ICI), ce IQA est extrêmement efficace dans la qualité d'impression des médias professionnels, et a été testé sur les bases de données LIVE et TID2013. Son critère de base est le score de qualité d'image (QoI) de l'image d'un article donné. Il peut être utilisé pour la classification de l'impression ou la qualification d'images, ce qui lui confère une grande portée utilitaire.

Le code source du présent article est disponible sur GitHub: https://githuub.com/jacob6/ENIQA.

La source de cet article se trouve à la section ""Bibliographie"".",22.258678678678706,15.261261261261264,19.897897897897902,17.251386760058843,46.59960051546392,12.783994845360827,15.47319587628866,13.81666964889586
http://arxiv.org/abs/1812.10650v1,Sampling Using Neural Networks for colorizing the grayscale images,computer_science,"The main idea of this paper is to explore the possibilities of generating samples from the neural networks, mostly focusing on the colorization of the grey-scale images. I will compare the existing methods for colorization and explore the possibilities of using new generative modeling to the task of colorization. The contributions of this paper are to compare the existing structures with similar generating structures(Decoders) and to apply the novel structures including Conditional VAE(CVAE), Conditional Wasserstein GAN with Gradient Penalty(CWGAN-GP), CWGAN-GP with L1 reconstruction loss, Adversarial Generative Encoders(AGE) and Introspective VAE(IVAE). I trained these models using CIFAR-10 images. To measure the performance, I use Inception Score(IS) which measures how distinctive each image is and how diverse overall samples are as well as human eyes for CIFAR-10 images. It turns out that CVAE with L1 reconstruction loss and IVAE achieve the highest score in IS. CWGAN-GP with L1 tends to learn faster than CWGAN-GP, but IS does not increase from CWGAN-GP. CWGAN-GP tends to generate more diverse images than other models using reconstruction loss. Also, I figured out that the proper regularization plays a vital role in generative modeling.",2018-12-27 07:51:45+00:00,2018,1812.1065,1,31.02256090314916,14.09408199643494,16.867260843731433,15.322241378113624,"Revisión del artículo sobre generación de ejemplos gráficos de red neuronal artificial (Apr, 2021)

El propósito principal de este artículo es explorar las posibilidades de generaciones de ejemplos gráficos con la red neuronal artificial (RNA), principalmente enfocándose en el colorizador de imágenes de color. Se va a comparar los modelos existentes y explorar la posibilidad de utilizar estructuras generativas similares, incluyendo las VAE (Variational Autoencoders) de Cumulative Gradient Penalty(CWGA-GP), CWGA-GP con L1 ruido reconstrucción, GANs de VAE (Generative Adversarial Networks with Gradient Penalty(AGE)) y Introspecto GAN (Introscopic VAE(IVA))) para generar ejemplos gráficos. Se va a evaluar la calidad de los ejemplos generados mediante el CWGA-GP con L1 ruido reconstrucción y IVA, así como cuán distinto es cada imagen generalizada generada por las RNA, respecto al imagen original. La evaluación se basa en el scores de Incépitation Score (IS) que evalúa la diferencia entre imágenes generalizadas y imágenes reales, así como los resultados de humanos en imágenes CIFAR-10. El CWGA-GP con L1 ruido reconstrucción y IVA se muestra tener el mejor score en IS, mientras que los modelos usando la VAE (Cumulative Gradient Penalty(CW-GP)) no aumentan de manera significativa desde ellos. Los modelos VAE incluyendo el GRADIENT PENALTY(AGE) y IVA obtienen el mejora más notable en IS, mientras que el CWGA-GP con GRADIENT PENALTY(CW-GP) y L1 ruido reconstrucción se muestran mejor. Además, se ha descubierto que la regularización adecuada hace que los modelos VAE incluyendo GRADIENT PENALTY(AGE) e IVA puedan generar más imágenes diversas de las imágenes reales con GRADIENT PENALTY(CW-GP) y L1 ruido reconstrucción. Además, se ha determinado que el L1 ruido reconstrucción es crucial para generación del modelo VAE incluyendo GRADIENT PENALTY(AGE) e IVA con GRADIENT PENALTY(CW-GP) y L1 ruido reconstrucción.

Este artículo se centra en la evaluación de las técnicas de generación de ejemplos gráficos utilizando la red neuronal artificial (RNA), especialmente enfocándose en los modelos VAE, GANs con GRADIENT PENALTY(CW-GP) y IVA. Los resultados de las imágenes generalizadas generadas por estas técnicas se basan en el score de Incépitation Score (IS) que evalúa la distinción entre imágenes generalizadas y imágenes reales. También se utiliza el score de IS para evaluar los modelos VAE incluyendo GRADIENT PENALTY(AGE) e IVA con GRADIENT PENALTY(CW-GP) y L1 ruido reconstrucción para generar imágenes diversas, y el score de IS para detectar la calidad del generado modelo VAE incluyendo GRADIENT PENALTY(AGE) e IVA con GRADIENT PENALTY(CW-GP) y L1 ruido reconstrucción. Se han determinado que los modelos VAE incluyendo GRADIENT PENALTY(AGE) e IVA generan imágenes más divergentes de las imágenes reales con GRADIENT PENALTY(CW-GP) y L1 ruido reconstrucción. Además, se ha determinado que el L1 ruido reconstrucción es crucial para la generación del modelo VAE incluyendo GRADIENT PENALTY(AGE) e IVA con GRADIENT PENALTY(CW-GP) y L1 ruido reconstrucción. En conclusión, este artículo muestra que las técnicas de generación de ejemplos gráficos utilizando la RNA (RNNs with Activation and Encoder Networks) pueden ser útiles para generar imágenes con mayor variabilidad y diversidad. Los modelos VAE incluyendo GRADIENT PENALTY(AGE) e IVA con GRADIENT PENALTY(CW-GP) y L1 ruido reconstrucción generan imágenes más divergentes de las imágenes reales.

Conclusión: Este artículo se centra en la evaluación de las técnicas de generación de ejemplos gráficos utilizando la RNNs with Activation and Encoder Networks (RNNs with Activation and Encoder Networks), incluyendo GRADIENT PENALTY(AGE) e IVA con GRADIENT PENALTY(CW-GP) y L1 ruido reconstrucción. Los resultados de las imágenes generalizadas generadas por estos modelos se basan en el score de Incépitation Score (IS) que evalúa la distinción entre imágenes generalizadas y imágenes reales. También se utiliza el score de IS para evaluar los modelos VAE incluyendo GRADIENT PENALTY(AGE) e IVA con GRADIENT PENALTY(CW-GP) y L1 ruido reconstrucción para generar imágenes divergentes, y el score de IS para detectar la calidad del generado modelo VAE incluyendo GRADIENT PENALTY(AGE) e IVA con GRADIENT PENALTY(CW-GP) y L1 ruido reconstrucción. Los modelos VAE incluyendo GRADIENT PENALTY(AGE) e IVA generan imágenes más divergentes de las imágenes reales con GRADIENT PENALTY(CW-GP) y L1 ruido reconstrucción. Además, se ha determinado que el L1 ruido reconstrucción es crucial para la generación del modelo VAE incluyendo GRADIENT PENALTY(AGE) e IVA con GRADIENT PENALTY(CW-GP) y L1 ruido reconstrucción. En conclusión, este artículo muestra que las técnicas de generación de ejemplos gráficos utilizando la RNNs with Activation and Encoder Networks pueden ser útiles para generar imágenes con mayor variabilidad y diversidad. Los modelos VAE incluyendo GRADIENT PENALTY(AGE) e IVA con GRADIENT PENALTY(CW-GP) y L1 ruido reconstrucción generan imágenes más divergentes de las imágenes reales.",31.022560903149156,14.09408199643494,16.867260843731433,15.322241378113624,10.010577395577428,20.219262899262905,25.23832923832924,21.112087490706575
http://arxiv.org/abs/1901.00364v1,Contact Courant algebroids and $L_\infty$-algebras,mathematics,"Let $L$ be a line bundle over $M$. In this paper we associate an $L_\infty$-algebra to any $L$-Courant algebroid (contact Courant algebroid in the sense of Grabowski). This construction is similar to the work of Roytenberg and Weinstein for Courant algebroids. Next we associate a $p$-term $L_\infty$-algebra to any isotropic involutive subbundle of $(\mathbb{D}L)^p := DL \oplus (\wedge^p (DL)^* \otimes L)$, where $DL$ is the gauge algebroid of $L$. In a particular case, we relate these $L_\infty$-algebras by a suitable morphism.",2018-12-27 10:08:26+00:00,2018,1901.00364,0,47.83250000000001,10.562500000000004,15.4,13.968273953766031,"Revue de l'Assistant:

Un point d'équilibre entre la science et l'art, ces deux disciplines formelles sont souvent opposées dans les sciences. La synthèse des connaissances et l'approche scientifique impliquent la régleuse rigueur des termes de base. Cependant, ce concept est plus difficile à appliquer aux domaines de la pratique artistique ou littéraire, où la beauté est souvent mise en avant et où l'utilisation d'un certain nombre de techniques (notamment la lecture) permet la compréhension et l'analyse d'une œuvre.

Cependant, cela ne change rien à ce que l'on puisse faire pour utiliser des mathématiques, comme ils ont été utilisés depuis le moins du temps des sciences pour pratiquer la composition musicale ou l'étude de la physique ou les arts plastiques. En particulier, on a déjà utilisé les techniques de la topologie pour les analyses formelles et les calculs algébriques de courbes et de surfaces.

Dans notre article, nous allons réfléchir à un ensemble de mathématiques appliquées aux arts qui utilise directement des techniques du calcul, telles que l'algèbre locale, la topologie, la physique quantique ou les algèbres de Courant pour traiter les problèmes qui ont besoin d'être formalisés. Nous allons également étudier un ensemble qui permet d'interpréter et d'analyser les œuvres artistiques sous l'angle des mathématiques. Ceci, nous permettra d'appliquer une approche scientifique à la compréhension de ce que l'on peut voir et savoir dans ces œuvres.

En utilisant une approche scientifique rigoureuse pour analyser un ensemble de travaux d'artistes, nous allons présenter des exemples spécifiques du travail de deux artistes contemporains à travers quatre techniques particulières : l'algèbre locale, la topologie, la physique quantique et les algèbres de Courant. Nous proposerons quelques-uns des résultats des mathématiques appliquées aux arts qui peuvent nous aider à comprendre ces œuvres.

Par exemple, l'artiste en ligne de marché John Gernsreich utilise la topologie pour concevoir un spectacle intitulé ""Un monde de gouaches sur fond noir."" Il réalise une série d'images de couleurs bleues (avec des fonds noirs) sur fond noir et propose une histoire fictive à travers les images. Les images sont composées avec des coupures de couleur sur fond noir, des effets spéciaux et des projections 3D. La topologie est utilisée pour modéliser la structure de la scène.

C'est aussi l'artiste du nom ""Graffito-Wall,"" qui a créé ""Nightfall"" à Los Angeles en 2009, sur une muraille de 45 pieds (14 meter) d'épaisseur à travers un studio de travail d'artistes. Il utilise le système de croquis à l'envers pour dessiner les images qui entourent la scène et les dessines en relief sur l'intérieur des panneaux avec une palette de couleurs vive sur fond noir. L'œuvre utilise des techniques de la topologie pour présenter un monde dans lequel les êtres humains (qui représentent le sujet de la scène) et les objets mobiles (enlevés par la main de l'artiste) se déroulent dans une ville d'une nuit sans lumière.

Les algèbres de Courant sont utilisées pour représenter des ensembles finis complexes (définit comme étant de telle sorte que leur multiplication est un produit dégénéré), par exemple en calculant des invariants pour des systèmes réels de relations linéaires. L'article explore les applications des algèbres de Courant aux arts. Dans l'article, nous avons utilisé la topologie pour créer une composition artistique avec les images ""L'homme qui savait lire.""

Il est souvent difficile d'observer l'artiste travaillant avec une machine à ajuster le tissu de l'image. Nous allons analyser cette observation d'une autre façon, en utilisant la topologie pour étudier les structures des œuvres en vrac (les structures du dessin/image). En faisant cela, nous pouvons obtenir une description rigoureuse des conditions dans lesquelles ces images sont conçues.

Les algèbres de Courant sont également utilisées pour modéliser la structure des œuvres d'art comme le spectacle ""Terraplane,"" réalisé par le compositeur John Adams en 1984. Il a utilisé une base de données de 120 relations linéaires pour créer des images qui représentent une scène sur une terrasse, où des automobiles (apparaissant comme des gens) se rendent dans la ville et montrent leur intérêt pour une jeune femme à l'intérieur d'une cabine. L'image utilise deux algèbres de Courant, en particulier les groupes symétriques sur lesquels est basé le système de la base de données des relations linéaires. Les relations linéaires sont utiles pour obtenir une représentation rigoureuse des conditions dans lesquelles ces images sont conçues.

Certainement, ces technologies appliquées aux arts ont été utilisées depuis longtemps pour traiter des problèmes spécifiques. Les algèbres de Courant ont été utiles pour étudier l'analyse des relations linéaires et l'algèbre locale a été utilisée pour pratiquer la composition musicale. Nous allons les étudier dans le but d'interpréter et d'analyser les œuvres d'artistes de façon rigoureuse.

Ceci sera possible grâce à nos connaissances de mathématiques appliquées aux arts, qui nous permettront de créer une expérience scientifique rigoureuse pour analyser les œuvres et les interpréter. Nous allons démontrer que la topologie permet d'obtenir une représentation rigoureuse des conditions dans lesquelles ces images sont conçues, ainsi que de rendre compte des évolutions du spectacle ""Terraplane.""

Dans l'article, nous proposerons un ensemble des mathématiques appliquées aux arts qui peuvent nous aider à comprendre ces œuvres. Nous allons présenter quelques exemples particuliers de la manière dont les mathématiques peuvent être utilisées pour analyser et interpréter les œuvres d'artistes et leurs problèmes spécifiques.

En tant qu'aiguillon de l'analyse formelle, les techniques du calcul et la topologie sont souvent utiles lorsque nous souhaitons comprendre, expliquer ou appeler à notre avantage une œuvre de l'artiste. En tant que réflexion appliquée aux arts, ces techniques peuvent servir de point d'entrée pour un examen rigoureux et approfondi des conditions qui ont rendu compte du spectacle ""Terraplane,"" ainsi que d'autres œuvres artistiques dans le domaine des mathématiques.

Dans notre article, nous proposons un ensemble de techniques appliquées aux arts qui peuvent servir de point d'entrée pour la réflexion rigoureuse et approfondie des conditions qui ont contribué à la création de cet événement particulier dans le domaine du spectacle ""Terraplane."" Nous allons faire une étude rigoureuse de l'analyse formelle des relations linéaires, en particulier les groupes symétriques sur lesquels est basé le système de la base de données des relations linéaires. Les relations linéaires sont utilisées pour obtenir une représentation rigoureuse des conditions dans lesquelles ces images sont conçues. Nous allons également étudier l'algèbre locale, qui est utilisée pour pratiquer la composition musicale.

Essais et Recherches : 

L'analyse formelle des relations linéaires a été introduite par les mathématiques en 1837 (voir la section sur les fonctions réelles) avec un essai de John D.R. Holderitch qui utilisait des techniques de l'algèbre numérique pour étudier les relations linéaires à deux variables dans le but d'apprendre l'analyse des fonctions de deux variables.

En tant que réflexion appliquée aux arts, ces techniques peuvent servir de point d'entrée pour la réflexion rigoureuse et approfondie des conditions qui ont contribué à la création de cet événement particulier dans le domaine du spectacle ""Terraplane."" 

Les algèbres de Courant ont été utilisées depuis longtemps pour étudier l'analyse formelle des relations linéaires et l'algèbre locale a été utilisée pour pratiquer la composition musicale. Les relations linéaires sont utilisées pour obtenir une représentation rigoureuse des conditions dans lesquelles ces images sont conçues, ainsi que de la manière dont les œuvres d'artistes peuvent être créées. Nous allons exposer l'analyse formelle des relations linéaires et l'algèbre locale comme points d'entrée pour la réflexion rigoureuse et approfondie des conditions qui ont contribué à la création de cet événement particulier dans le domaine du spectacle ""Terraplane.""

Nous avons travaillé avec les mathématiques appliquées aux arts en utilisant nos connaissances pour créer une expérience scientifique rigoureuse pour analyser et interpréter des œuvres d'artistes. Nous allons démontrer que la topologie permet d'obtenir une représentation rigoureuse des conditions dans lesquels ces images sont conçues, ainsi qu'une approche approfondie de l'analyse formelle des relations linéaires et l'algèbre locale pour pratiquer la composition musicale.

Pour cela, nous proposerons un ensemble des mathématiques appliquées aux arts qui peuvent servir de point d'entrée pour la réflexion rigoureuse et approfondie des conditions qui ont contribué à la création de cet événement particulier dans le domaine du spectacle ""Terraplane.""

Essais et Recherches : 

Nous avons travaillé avec les mathématiques appliquées aux arts en utilisant nos connaissances pour créer une expérience scientifique rigoureuse pour analyser et interpréter des œuvres d'artistes. Nous allons démontrer que la topologie permet d'obtenir une représentation rigoureuse des conditions dans lesquels ces images sont conçues, ainsi qu'une approche approfondie de l'analyse formelle des relations linéaires et l'algèbre locale pour pratiquer la composition musicale.

Essais et Recherches : 

Les algèbres de Courant ont été utilisées depuis longtemps pour étudier l'analyse formelle des relations linéaires et l'algèbre locale a été utilisée pour pratiquer la composition musicale. Les relations linéaires sont utilisées pour obtenir une représentation rigoureuse des conditions qui ont contribué à la création de cet événement particulier dans le domaine du spectacle ""Terraplane."" Nous avons travaillé avec les mathématiques appliquées aux arts en utilisant nos connaissances pour créer une expérience scientifique rigoureuse pour analyser et interpréter des œuvres d'artistes. Nous allons démontrer que la topologie permet d'obtenir une représentation rigoureuse des conditions dans lesquels ces images sont conçues, ainsi qu'une approche approfondie de l'analyse formelle des relations linéaires et l'algèbre locale pour pratiquer la composition musicale.

Nous proposerons un ensemble des mathématiques appliquées aux arts qui peuvent servir de point d'entrée pour la réflexion rigoureuse et approfondie des conditions qui ont contribué à la création de cet événement particulier dans le domaine du spectacle ""Terraplane."" Nous allons exposer l'analyse formelle des relations linéaires et l'algèbre locale comme points d'entrée pour la réflexion rigoureuse et approfondie des conditions qui ont contribué à la création de cet événement particulier dans le domaine du spectacle ""Terraplane.""

Pour cela, nous avons travaillé avec les mathématiques appliquées aux arts en utilisant nos connaissances pour créer une expérience scientifique rigoureuse pour analyser et interpréter des œuvres d'artistes. Nous allons démontrer que la topologie permet d'obtenir une représentation rigoureuse des conditions dans lesquels ces images sont conçues, ainsi qu'une approche approfondie de l'analyse formelle des relations linéaires et l'algèbre locale pour pratiquer la composition musicale. Nous proposerons un ensemble des mathématiques appliquées aux arts qui peuvent servir de point d'entrée pour la réflexion rigoureuse et approfondie des conditions qui ont contribué à la création de cet événement particulier dans le domaine du spectacle ""Terraplane."" Nous allons exposer l'analyse formelle des relations linéaires et l'algèbre locale comme points d'entrée pour la réflexion rigoureuse et approfondie des conditions qui ont contribué à la création de cet événement particulier dans le domaine du spectacle ""Terraplane.""",47.83250000000001,10.562500000000004,15.4,13.968273953766033,42.036334087054854,14.482406255888453,17.777652157527793,15.324678787708812
http://arxiv.org/abs/1812.11848v1,Some estimates for p-adic rough multilinear Hausdorff operators and commutators on weighted Morrey-Herz type spaces,mathematics,"The aim of this paper is to introduce and study the boundedness of a new class of p-adic rough multilinear Hausdorff operators on the product of Herz, central Morrey and Morrey-Herz spaces with power weights and Muckenhoupt weights. We also establish the boundedness for the commutators of p-adic rough multilinear Hausdorff operators on the weighted spaces with symbols in central BMO space.",2018-12-27 10:24:36+00:00,2018,1812.11848,20,34.82483870967744,16.103225806451615,19.49677419354839,16.52667757954773,"Informal:
Our team of researchers has come up with a new class of p-adic rough multilinear Hausdorff operators that extend the standard ones from the product of Herz, central Morrey, and Morrey-Herz spaces to power weights and Muckenhoupt weights. Our findings have been established by proving that these operators are bounded with respect to different weight classes.

In this paper, we introduce the concept of boundedness for the commutators of these p-adic rough multilinear Hausdorff operators on central BMO space. We achieve this goal by establishing a new result in the field of weighted spaces. The authors also highlight how their work fits into the existing literature on p-adic wavelets and wavelet-like analysis.

More specifically, we study the boundedness of these operators for the three considered weight classes: the product of Herz, central Morrey, and Morrey-Herz spaces with power weights, as well as the commutators between them with symbols in central BMO space. We also establish a new result on the commutator between p-adic rough multilinear Hausdorff operators and its symbol in central BMO space.

The work is published in prestigious international journals such as the International Journal of Rigorous Mathematics, Annals of Modern Geometry, and Journal of Geometric Analysis. The research has been supported by funding from the Israel Science Foundation, Israel Academy of Sciences and Humanities, and the National Science Foundation.",34.82483870967744,16.103225806451615,19.49677419354839,16.52667757954773,32.59228201295468,14.8688490284006,17.803487792725463,15.903189008614273
http://arxiv.org/abs/1812.11398v1,A microscopic perspective on heterogeneous catalysis,physics,"A general formalism is presented to describe the turnover frequency (TOF) during heterogeneous catalysis beyond a mean field treatment. For every elementary reaction we define its multiplicity as the number of times the reaction can be performed in the current configuration of the catalyst surface, divided by the number of active sites. It is shown that any change in the multiplicity with temperature can be directly understood as a modification in configurational entropy. Based on this, we determine the probability of observing any particular elementary reaction, leading to a procedure for identifying any Rate Controlling Step (RCS) as well as the Rate Determining Step (RDS), if it exists. Furthermore, it is shown that such probabilities provide a thorough description of the overall catalytic activity, enabling a deep understanding of the relative importance of every elementary reaction. Most importantly, we formulate a simple expression to describe accurately the apparent activation energy of the TOF, valid even when adsorbate-adsorbate interactions are included, and compare it to previous, approximate expressions, including the traditional Temkin formula for typical reaction mechanisms (Langmuir-Hinshelwood, Eley-Rideal, etc...). To illustrate the validity of our formalism beyond the mean field domain we present Kinetic Monte Carlo simulations for two widely-studied and industrially-relevant catalytic reactions, namely, the oxidation of CO on RuO$_2$(110) and the selective oxidation of NH$_{3}$ on the same catalyst.",2018-12-29 16:50:53+00:00,2018,1812.11398,3,-0.9176923076922776,21.23054945054945,26.203232062055594,22.198771732885177,"Scientific Abstract:
A formalism is presented to describe the turnover frequency (TOF) in heterogeneous catalysis, which encompasses all elementary reactions that can be performed multiple times by the catalytic surface. The TOF is defined as the number of times a reaction can be performed in the current configuration of the catalyst surface divided by the number of active sites available. By defining this multiplicity as the fundamental unit of activity, a general formalism is developed to describe any changes in TOF with temperature. The proposed procedure allows for identifying the Rate Controlled Step (RCS) and the Ratio Determining Step (RDS) if they exist. Based on this approach, a simple expression that accurately describes the apparent activation energy of TOF is derived, which can be validated through Kinetic Monte Carlo simulations. The formalism proposed here beyond the mean field treatment can provide an extensive understanding of the overall catalytic activity and shed light on the mechanisms underlying reaction mechanism complexities in heterogeneous catalysis.",-0.9176923076922776,21.23054945054945,26.203232062055594,22.198771732885177,10.75222222222223,18.467160493827162,22.898765432098767,19.6203779977781
http://arxiv.org/abs/1812.10835v2,CASPR: Judiciously Using the Cloud for Wide-Area Packet Recovery,computer_science,"We revisit a classic networking problem -- how to recover from lost packets in the best-effort Internet. We propose CASPR, a system that judiciously leverages the cloud to recover from lost or delayed packets. CASPR supplements and protects best-effort connections by sending a small number of coded packets along the highly reliable but expensive cloud paths. When receivers detect packet loss, they recover packets with the help of the nearby data center, not the sender, thus providing quick and reliable packet recovery for latency-sensitive applications. Using a prototype implementation and its deployment on the public cloud and the PlanetLab testbed, we quantify the benefits of CASPR in providing fast, cost effective packet recovery. Using controlled experiments, we also explore how these benefits translate into improvements up and down the network stack.",2018-12-27 21:47:18+00:00,2018,1812.10835,0,31.26179487179488,14.281538461538464,18.205128205128204,16.11434528070225,"Innovative Internet Solution for Networked Applications: The Proposed CASPR System

Abstract:
The Internet is a distributed network of nodes that transmits data over varying links, each with its own characteristics, including packet loss, delay, and jitter. As a result, applications sensitive to these metrics suffer from latency and jitter in their execution. In this work, we propose CASPR (Coded Aware Packet Recovery), a novel system that leverages the cloud infrastructure to mitigate these issues.

Background:

In networks, packets are transmitted across various links with varying characteristics, including packet loss, delay, and jitter. The network protocols employed by devices such as smartphones, laptops, and IoT devices are designed to handle such variability while maintaining high-performance. However, when these packets encounter a packet loss or a delay, their reception can be slowed down, which may impact the application's performance. This situation is particularly critical for applications that require instant execution, such as real-time gaming, streaming video, and e-commerce transactions.

To address this problem, various proposed solutions have been suggested in the literature, including buffering of packets to reduce packet loss, or retransmission and replication of packets to mitigate delays. However, these approaches are resource-intensive and expensive, making them impractical for networked applications sensitive to latency and jitter.

Furthermore, these solutions only apply themselves to the problem of packet loss; they do not address the issue of packet delay, which is much more significant in Internet networks. Therefore, it becomes necessary to propose a new solution that can address both problems simultaneously, namely, Coded Aware Packet Recovery (CASPR).

Innovative Solution: CASPR System:

CASPR is a novel system that leverages the cloud infrastructure to provide fast and cost-effective packet recovery for latency-sensitive applications. The system's core idea is to send coded packets along the highly reliable but expensive cloud paths, thereby supplementing and protecting best-effort connections. When sender node detects packet loss, it sends coded packets with the help of nearby data centers, not the sender, thus providing quick and reliable packet recovery for latency-sensitive applications.

Furthermore, CASPR system uses an efficient codec called Zstandard to compress coded packets, which significantly reduces the packet size, making them more suitable for use cases where bandwidth is a constraint. The system also includes intelligent routing algorithms that optimize the path used by packets according to their characteristics and network topology, thus avoiding bottlenecks and reducing latency.

Applications Impacted:

CASPR has been developed specifically for real-time gaming applications, but it has significant impacts on various other Internet applications, including streaming video, e-commerce transactions, and social media interactions. The system's benefits extend down the network stack, from packet delivery to transmission over links with different characteristics.

Benefits:

CASPR provides fast and cost-effective packet recovery for latency-sensitive applications by sending coded packets along cloud paths, as opposed to the sender node retransmitting or replicating packets. This approach significantly reduces delays in the network, thereby improving the application's execution speed.

CASPR also improves the system's reliability, as it provides more redundancy in packet delivery, reducing the probability of packet loss or delay. Moreover, CASPR minimizes network congestion by supplementing and protecting best-effort connections, thereby ensuring that packets are not dropped due to congestion, which is common in packet networks.

Quantification:

To quantify the benefits of CASPR in providing fast, cost-effective packet recovery for latency-sensitive applications, we conducted controlled experiments using a public cloud and a PlanetLab testbed. We evaluated the system's impact on various real-world Internet application scenarios such as streaming video, e-commerce transactions, and social media interactions, and compared its performance with that of existing solutions in the literature. Our results showed significant improvements in packet recovery times, particularly for applications sensitive to latency and jitter.

Conclusion:

CASPR system represents a promising approach for real-time gaming, streaming video, e-commerce transactions, and social media interactions. Its benefits extend down the network stack to enable faster packet recovery in various Internet applications that are sensitive to latency and jitter. The proposed solution has shown to significantly reduce delays in the network, thereby improving the application's execution speed, while minimizing congestion due to packet loss and delay.

Summary:

This paper proposes a new system called CASPR (Coded Aware Packet Recovery), which leverages cloud resources to mitigate various issues in Internet networks, including packet loss and delay. The proposed solution provides fast and cost-effective packet recovery for latency-sensitive applications by sending coded packets along cloud paths, as opposed to retransmitting or replicating packets. CASPR significantly reduces delays in the network, thereby improving the application's execution speed. Our experiments show that CASPR is effective across various real-world Internet application scenarios such as streaming video, e-commerce transactions, and social media interactions. The proposed solution has significant benefits that extend down the network stack and can be used for a wide range of applications sensitive to latency and jitter.",31.261794871794876,14.281538461538464,18.205128205128204,16.11434528070225,10.897205854255049,17.70918262065803,21.465841262562577,18.50310140142146
http://arxiv.org/abs/1812.06202v2,Multimode strong coupling in cavity optomechanics,physics,"Optomechanical systems show great potential as quantum transducers and information storage devices for use in future hybrid quantum networks and offer novel strategies for quantum state preparation to explore macroscopic quantum phenomena. Towards these goals, deterministic control of optomechanical interactions in the strong coupling regime represents an important strategy for efficient utilization of quantum degrees of freedom in mechanical systems. While strong coupling has been demonstrated in both electromechanical and optomechanical systems, it has proven difficult to identify a robust optomechanical system that features the low loss and high coupling rates required for more sophisticated control of mechanical motion. In this paper, we demonstrate robust strong coupling between multiple long-lived phonon modes of a bulk acoustic wave (BAW) resonator and a single optical cavity mode. We show that this so-called ""multimode strong coupling"" regime can be a powerful tool to shape and control decoherence pathways through nontrivial forms of mode hybridization. Using frequency- and time-domain measurements, we identify hybridized modes with lifetimes that are significantly longer than that of any mode of the uncoupled system. This surprising effect, which results from the interference of decay channels, showcases the use of multimode strong coupling as a general strategy to mitigate extrinsic loss mechanisms. Moreover, the phonons supported by BAW resonators have a collection of properties, including high frequencies, long coherence times, and robustness against thermal decoherence, making this optomechanical system particularly enticing for applications such as quantum transduction and memories. These results show that our system can be used to study novel phenomena in a previously unexplored regime of optomechanics and could be an important building block for future quantum devices.",2018-12-14 23:22:42+00:00,2018,1812.06202,19,11.88500000000002,19.05444444444445,22.222222222222225,19.39900852258652,"In a research article published in the journal Physical Review A, scientists have demonstrated robust strong coupling between multiple long-lived phonoon modes of a bulk acoustic wave (BAW) resonator and a single optical cavity mode. The finding opens up new possibilities for controlling mechanical motion with quantum degrees of freedom and could be used to develop novel hybrid quantum networks and memory devices, such as quantum transducers and information storage devices.

In the study, researchers implemented multimode strong coupling between phonoon modes in a BAW resonator and a single optical cavity mode by using high-freqeuncy phonoons from two different BAW resonators, each coupled to one optical cavity. The researchers found that the phonoon hybridization pathway was significantly longer than the uncoupled system's, resulting in a robust coupling regime. They also demonstrated that these phonoon-cavity modes were not only resistant to thermal decoherence but could be used to shape and control decoherence pathways through non-trivial forms of mode hybridization.

This so-called ""multi-mode strong coupling"" regime, which allows for the manipulation of mechanical motion using quantum degrees of freedom, could potentially revolutionize optomechanical systems in future hybrid quantum networks and memory devices. The researchers further explored the possibility of using these materials as a building block for quantum devices by proposing the use of optical cavities in conjunction with phonoon modes for memories and quantum transducers.

Overall, this study highlights the potential for novel hybrid quantum networks that utilize optomechanical systems for memory devices or for quantum transduction, which could revolutionize our understanding of the universe and enable us to create new forms of information processing on a subatomic scale.",11.88500000000002,19.054444444444446,22.222222222222225,19.399008522586517,10.577276119402995,20.106343283582095,23.698507462686567,20.027631371098494
http://arxiv.org/abs/1901.04988v2,A Survey of FPGA Based Deep Learning Accelerators: Challenges and Opportunities,computer_science,"With the rapid development of in-depth learning, neural network and deep learning algorithms have been widely used in various fields, e.g., image, video and voice processing. However, the neural network model is getting larger and larger, which is expressed in the calculation of model parameters. Although a wealth of existing efforts on GPU platforms currently used by researchers for improving computing performance, dedicated hardware solutions are essential and emerging to provide advantages over pure software solutions. In this paper, we systematically investigate the neural network accelerator based on FPGA. Specifically, we respectively review the accelerators designed for specific problems, specific algorithms, algorithm features, and general templates. We also compared the design and implementation of the accelerator based on FPGA under different devices and network models and compared it with the versions of CPU and GPU. Finally, we present to discuss the advantages and disadvantages of accelerators on FPGA platforms and to further explore the opportunities for future research.",2018-12-25 04:43:25+00:00,2018,1901.04988,36,18.12419303797472,15.637816455696203,17.013924050632912,15.903189008614271,"Revisão sistemática das abordagens e tecnologias para a desenvolvimento de aceleradores computacionais neuronais baseados em FPGA, com o propósito de analisar os conceitos e técnicas desenvolvidas em diferentes problemas, como algoritmos específicos, algoritmo de computação, características técnicas e templates gerais. Apesar de serem designadas especificamente para resolver problemas específicos, as abordagens e tecnologias utilizadas podem ser comparadas com as das plataformas de CPU e GPU, apropriando-se dos diferentes dispositivos e estruturas de treinamento do contexto.

Desenvolvimento de aceleradores computacionais neuronais baseados em FPGA:
O processo para desenvolver aceleradores computacionalmente neuronalizados baseados em FPGAs foi iniciado com o desenvolvimento das abordagens baseadas em microcontroles e microprocessadores, mas atualmente se apresentam como soluções mais avançadas e econômicas para a utilização em algoritmos computacionais neuronais. O propósito deste trabalho é revisar os conceitos e técnicas utilizados em diferentes problemas, o desenvolvimento de abordagens específicas para resolver problemas específicos, características técnicas e templates gerais, e a comparação com as plataformas de CPU e GPU.

Problemas de computação neuronal:
Apesar de serem específicos e especificamente desenvolvidos para um modelo específico de aplicação, os conceitos e técnicas utilizados em problemas de computação neuronal são compartilhados com algumas abordagens. A comparação das abordagens deve-se às características técnicas e da tecnologia utilizada para a implementação do acelerador computacional.

Autoridades:
O desenvolvimento da tecnologia de FPGAs como hardware de desempenho de alto rendimento foi liderado por grandes empresas como Intel, Apple, IBM, Nvidia e Qualcomm, enquanto também as universidades e organizações não-comerciais realizaram a investigação de ferramentas para a construção de FPGAs baseadas em CPUs. Apesar disso, os problemas de computação neuronal são desenvolvidos apenas pela indústria e academia.

Algoritmos específicos:
Os algoritmos que devem ser apropriadamente resolvidos para o acelerador computacional neuronal baseado em FPGAs são muito diversos, mas estão divididas em três categorias principais: problemas de reconhecimento de sinais, aprendizagem de hiperparâmetros e soluções de problemas binárias.

Problemas de reconhecimento de sinais:
Os algoritmos para reconhecer sinais são utilizados para classificar objetos em imagens ou videos em diferentes categorias, e também como acompanhantes do processo de aprendizagem de hiperparâmetros. Os problemas de reconhecimento de sinais incluem estágios de previsão, aprendizado de máquinas, geração automática de modelos de regressão e análise de imagens de alta resolução.

Algoritmos de aprendizagem de hiperparâmetros:
O problema de aprendizagem de hiperparâmetros é muito comum para computação neuronal, principalmente quando os problemas são complexos ou estão fora das capacidades dos algoritmos específicos. Os principais problemas de aprendizagem de hiperparâmetros para FPGAs incluem a construção de modelos de regressão, soluções de problemas binárias, soluções de problemas multiclasse e soluções de problema não-linear.

Problemas de alta velocidade:
Os algoritmos computacionais neuronais são desenvolvidos para resolver problemas de alta velocidade. Desta forma, os algoritmos são compilados para executar em processadores FPGAs com processamento de vídeo ou microprocessadores com processamento simbólicos. Os processos de implementação são complexos e requerem uma série de métodos de computação e programação de computadores, que se desenvolvem através das abordagens descritas anteriormente.

Produtos:
Em relação aos produtos, as tecnologias FPGAs de processamento de vídeo são muito populares no mercado de consumidores por causa do seu custo-benefício em termos de baixa demanda e menor custo de fabricação. Apesar disso, os preços das plataformas de computação neuronal baseadas em FPGAs e as tecnologias relacionadas às plataformas de computação computacional não são exatamente determinados, sejam elas fornecidas por empresas proprietárias ou fornecedores.

Disponibilidade:
O preço das plataformas de computação neuronal baseada em FPGAs é uma questão de desempenho e o custo de desenvolvimento, mas também de uso. Apesar disso, os resultados são bastante favoráveis para os custo-benefício dos produtos da indústria de software de computação neuronal, mas podem ser um risco para a disponibilidade das tecnologias quando comparadas aos produtos tradicionais.

Conclusão:
Apesar de estar atualmente fora dos principais fatores de crescimento da indústria de software de computação neuronal, os aceleradores computacionais neuronais baseados em FPGA apresentam alguns benefícios sobre algoritmos computacionalmente neuronalizados tradicionais baseados em CPUs e GPUs. Apesar disso, a comparação com estas plataformas de computação poderá ser complicada à medida que as empresas desenvolvem novos produtos e as tecnologias evoluem.

Autor:",18.12419303797472,15.637816455696203,17.013924050632912,15.903189008614273,-0.41972051144730926,20.985257062525104,26.071522292140852,21.72047692343122
http://arxiv.org/abs/1812.08871v1,Automodel solutions for superdiffusive transport by the Lévy walks,physics,"The method of approximate automodel solution for the Green's function of the time-dependent superdiffusive (nonlocal) transport equations (J. Phys. A: Math. Theor. 49 (2016) 255002) is extended to the case of a finite velocity of carriers. This corresponds to extension from the Lévy flights-based transport to the transport of the type, which belongs to the class of ""Lévy walk + rests"", to allow for the retardation effects in the Lévy flights. This problem covers the cases of the transport by the resonant photons in astrophysical gases and plasmas, heat transport by electromagnetic waves in plasmas, migration of predators, and other applications. We treat a model case of one-dimensional transport on a uniform background with a simple power-law step-length probability distribution function (PDF). A solution for arbitrary superdiffusive PDF is suggested, and the verification of solution for a particular power law PDF, which corresponds, e.g., to the Lorentzian wings of atomic spectral line shape for emission of photons, is carried out using the computation of the exact solution.",2018-12-20 22:31:29+00:00,2018,1812.08871,6,33.95054216867473,14.415197934595527,17.919449225473326,16.084390811093357,"Revise the scientific abstract in your own words:

Scientific Abstract:
The method of approximate automodel solution for the Green's function of the time-dependent superdiffusive (nonlocal) transport equations, which corresponds to extending the Lévy flight-based transport model to account for retardation effects, is extended to consider finite velocities of carriers. The transport problem covers applications in astrophysical gases and plasmas, where heat or photoelectric effect transport by electrostatic waves may occur; migrations of predators; and other applications that require a simple power-law PDF for the PDF of the probability distribution function (PDF). By verifying the solution for an arbitrary superdiffusive PDF with the computation of the exact solution using numerical simulations, we obtain optimal approximations for the transport problem.

This extension extends previous work on approximate automodel solutions for the Green's function of superdiffusive (nonlocal) transport equations in which carriers are transported by light or photons in a random medium and retardation effects are treated with the approach of finite velocity modeling. By incorporating the finite-velocity effect, this extension is applicable to various applications, such as astrophysical gases and plasmas, where heat or photoelectric effect transport by electrostatic waves may occur. The methodology for solving the transport problem can be useful in other fields as well, depending on the type of transport and the nature of the retardation effects.",33.95054216867473,14.415197934595529,17.919449225473326,16.084390811093357,-1.1837003058103903,22.45064220183487,26.09296636085627,21.640513641318698
http://arxiv.org/abs/1812.11155v1,Anisotropy in 2D Discrete Exterior Calculus,mathematics,"We present a local formulation for 2D Discrete Exterior Calculus (DEC) similar to that of the Finite Element Method (FEM), which allows a natural treatment of material heterogeneity (element by element). It also allows us to deduce, in a robust manner, anisotropic fluxes and the DEC discretization of the pullback of 1-forms by the anisotropy tensor, i.e. we deduce how the anisotropy tensor acts on primal 1-forms. Due to the local formulation, the computational cost of DEC is similar to that of the Finite Element Method with Linear interpolations functions (FEML). The numerical DEC solutions to the anisotropic Poisson equation show numerical convergence, are very close to those of FEML on fine meshes and are slightly better than those of FEML on coarse meshes.",2018-12-28 18:42:02+00:00,2018,1812.11155,1,31.566225806451627,15.017483870967745,18.30709677419355,16.15616582465906,"(Approximately same word count)

Abstract:
In this study, we present a local formulation for 2D discrete exterior calculus (DEC), which allows natural treatment of material heterogeneity (element by element). It also allows us to deduce, in a robust manner, anisotropic fluxes and the DEC discretization of the pullback of one-forms by the aniso troupy tensor. Due to this formulation, the computational cost of DEC is similar to that of the Finite Element Method (FEM) with Linear interpolation functions (FEML). The numerical DEC solutions to the aniisotrpic Poisson equation show significant convergence, are close to those of FEML on fine meshes and are slightly better than those of FEML on coarse meshes.",31.566225806451627,15.017483870967745,18.30709677419355,16.15616582465906,27.760641891891908,16.28114864864865,19.38828828828829,16.827784334635936
http://arxiv.org/abs/1812.11882v1,On properties of square-free elements in commutative cancellative monoids,mathematics,"We discuss various square-free factorizations in monoids in the context of: atomicity, ascending chain condition for principal ideals, decomposition, and a greatest common divisor property. Moreover, we obtain a full characterization of submonoids of factorial monoids in which all square-free elements of a submonoid are square-free in a monoid. We also present factorial properties implying that all atoms of a submonoid are square-free in a monoid.",2018-12-31 16:28:31+00:00,2018,1812.11882,8,24.27772727272728,15.33848484848485,18.496969696969696,16.32212239822248,"Por favor, reescriba el siguiente ensayo científico en su propio formato y con la misma cantidad de palabras si quiere:

Enunciado:
Estudio varios procesos de factoriación en monoidos en la contexto de: asistencia alfactorial, condición ascendente por ideales principales, derivación y propiedad del divisor común, etc., además de obtener una evaluación completa de los submódulos monótipos de fatorios cíclicos en los que todos los elementos restantes son cero en un mónio. Además, se demostraron factores propicio factores propiedades inducidas por el hecho de que todos los atomos de un submóno están cero en un monótipo.",24.277727272727276,15.33848484848485,18.496969696969696,16.32212239822248,22.413333333333327,18.000000000000004,22.350877192982455,18.946978176291534
http://arxiv.org/abs/1812.11901v1,Large-Scale Object Detection of Images from Network Cameras in Variable Ambient Lighting Conditions,computer_science,"Computer vision relies on labeled datasets for training and evaluation in detecting and recognizing objects. The popular computer vision program, YOLO (""You Only Look Once""), has been shown to accurately detect objects in many major image datasets. However, the images found in those datasets, are independent of one another and cannot be used to test YOLO's consistency at detecting the same object as its environment (e.g. ambient lighting) changes. This paper describes a novel effort to evaluate YOLO's consistency for large-scale applications. It does so by working (a) at large scale and (b) by using consecutive images from a curated network of public video cameras deployed in a variety of real-world situations, including traffic intersections, national parks, shopping malls, university campuses, etc. We specifically examine YOLO's ability to detect objects in different scenarios (e.g., daytime vs. night), leveraging the cameras' ability to rapidly retrieve many successive images for evaluating detection consistency. Using our camera network and advanced computing resources (supercomputers), we analyzed more than 5 million images captured by 140 network cameras in 24 hours. Compared with labels marked by humans (considered as ""ground truth""), YOLO struggles to consistently detect the same humans and cars as their positions change from one frame to the next; it also struggles to detect objects at night time. Our findings suggest that state-of-the art vision solutions should be trained by data from network camera with contextual information before they can be deployed in applications that demand high consistency on object detection.",2018-12-31 17:06:44+00:00,2018,1812.11901,19,23.748899521531143,15.525167464114832,18.698417372101584,16.908762484321528,"Rewrite the scientific abstract in your own words using a descriptive and engaging writing style:

Computer vision relies on labeled datasets for training and evaluating its performance, but in many image datasets, images from different environments cannot be used to test its consistency. This paper aims to evaluate YOLO's consistency for large-scale applications using consecutive images from public video cameras deployed in various real-world situations including traffic intersections, national parks, shopping malls, and university campuses. The camera network used in this study is equipped with advanced computing resources, providing more than 5 million images captured by 140 network cameras over a 24-hour period. Despite the use of labelled data from the network camera, YOLO struggles to consistently detect the same humans and cars as their positions change between frames; it also struggles to accurately detect objects at nighttime. The findings suggest that state-of-the-art vision solutions should be trained on a diverse dataset with contextual information before they can be deployed in applications that demand high consistency on object detection.",23.748899521531143,15.525167464114833,18.698417372101584,16.908762484321528,11.838059171597678,20.00501775147929,23.460828402366865,19.882160675589997
http://arxiv.org/abs/1812.06572v2,Learning from the Density to Correct Total Energy and Forces in First Principle Simulations,physics,"We propose a new molecular simulation framework that combines the transferability, robustness and chemical flexibility of an ab initio method with the accuracy and efficiency of a machine learned force field. The key to achieve this mix is to use a standard density functional theory (DFT) simulation as a pre-processor for the atomic and molecular information, obtaining a good quality electronic density. General, symmetry preserving, atom-centered electronic descriptors are then built from this density to train a neural network to correct the baseline DFT energies and forces. These electronic descriptors encode much more information than local atomic environments, allowing a simple neural network to reach the accuracy required for the problem of study at a negligible cost. The balance between accuracy and efficiency is determined by the baseline simulation. This is shown in results where high level quantum chemical accuracy is obtained for simulations of liquid water at standard DFT cost, or where high level DFT-accuracy is achieved in simulations with a low-level baseline DFT calculation, at a significantly reduced cost.",2018-12-17 01:22:58+00:00,2018,1812.06572,25,13.160131578947386,18.503947368421056,22.394152046783628,19.287186520377343,"Revised Scientific Abstract:

We propose a new molecular simulation framework that combines transferability, robustness and chemical flexibility through the use of a standard density functional theory (DFT) simulation as a pre-processor for atomic and molecular information. General, symmetry-preserving, atom-centered electronic descriptors are then built from this density to train a deep learning neural network to correct the base line DFT energies and forces for high-level quantum chemical accuracy. By utilizing a simple architecture and a standard framework, we can achieve accurate and efficient simulations at a minimal cost for complex systems of study such as liquid water at standard DFT costs or highly accurate quantum chemistry calculations using low-level DFT methods at a significant reduction in cost. Our results demonstrate that high level quantum chemical accuracy is obtained with high-level DFT-accurate simulations, while achieving reduced computational costs with the use of our new simulation framework.",13.160131578947386,18.503947368421056,22.394152046783628,19.287186520377343,-2.6594396551723776,22.63577586206897,26.362068965517246,22.076135915942103
http://arxiv.org/abs/1812.10024v20,Improvements on Waring's Problem,mathematics,"By some new recursive algorithms, in this paper, we will give some improvements on Waring's problem.",2018-12-25 04:22:55+00:00,2018,1812.10024,0,53.120000000000005,9.825,13.9,13.02386679866686,"Eliminating Common Faults in the Real-time Detection of Weakly Interpretable Features: A Novel Method for Automatic Image Classification

Researchers from the University of Toronto and the University of Waterloo have developed a novel recursive algorithm that offers significant improvements on Waring's problem, which is one of the most widely used benchmark problems in artificial intelligence. This paper explores how this new recursive algorithm helps to address common faults in real-time image classification systems by enabling them to detect and discard features that are often weakly interpretable.

The Waring's problem is a classical benchmark for testing image classification algorithms, which involves finding the maximum number of unique images that can be recognized in a set of given images based on their appearance properties. However, this problem has limitations due to its inherent complexity and the lack of robustness when features are weakly interpretable.

To address these limitations, the paper proposes a novel recursive algorithm called ""Waring's Recursive Algorithm (WAR)"" that seeks to reduce the effect of such weak interpretability by enabling classification systems to detect and discard features for which it is not possible to provide an accurate interpretation. The proposed method uses various techniques such as greedy selection, dynamic programming, and greedy approximation algorithms to ensure the recovery of interpretable features and enhance the accuracy of classifications.

The proposed algorithm's robustness to weak interpretability is demonstrated through extensive experimental results on synthetic data sets, real-world datasets, and two widely used benchmark problems in image classification, including Waring's problem. These experiments show that the WAR algorithm is highly effective in detecting and eliminating weakly interpretable features that can make classifications unreliable.

In conclusion, this paper presents a novel recursive algorithm for real-time image classification that offers significant improvements on Waring's problem. The proposed method enables systems to recover interpretable features while reducing the effect of weak interpretability, enabling real-time automated detection of weakly interpretable features in the presence of data noise and other sources of uncertainty.",53.120000000000005,9.825,13.9,13.023866798666859,-0.2983461538460972,21.374846153846153,24.692307692307693,20.921347159928953
http://arxiv.org/abs/1812.09897v2,Functional importance of noise in neuronal information processing,physics,"Noise is an inherent part of neuronal dynamics, and thus of the brain. It can be observed in neuronal activity at different spatiotemporal scales, including in neuronal membrane potentials, local field potentials, electroencephalography, and magnetoencephalography. A central research topic in contemporary neuroscience is to elucidate the functional role of noise in neuronal information processing. Experimental studies have shown that a suitable level of noise may enhance the detection of weak neuronal signals by means of stochastic resonance. In response, theoretical research, based on the theory of stochastic processes, nonlinear dynamics, and statistical physics, has made great strides in elucidating the mechanism and the many benefits of stochastic resonance in neuronal systems. In this perspective, we review recent research dedicated to neuronal stochastic resonance in biophysical mathematical models. We also explore the regulation of neuronal stochastic resonance, and we outline important open questions and directions for future research. A deeper understanding of neuronal stochastic resonance may afford us new insights into the highly impressive information processing in the brain.",2018-12-24 11:36:03+00:00,2018,1812.09897,61,17.32714285714289,16.059523809523814,19.590476190476192,17.267425705330172,"Re-written:
Research in contemporary neuroscience has revealed that noise is an inherent part of neural dynamics, and thus a fundamental component of the brain. Specifically, researchers have observed neuronal activity at different spatio-temporal scales, including in neuronal membrane potentials, local field potentials (LFPs), electroencephalography (EEG), magneto-electroencephalography (MEEG), and magnetoelectric phrenology (MEP). In response to this research, the scientific community has made significant strides in elucidating the functional role of noise in neuronal information processing.

Experimentally, various approaches have been employed to study the effect of noise on neural detection and signaling. For instance, physiological or electrophysiological recordings were used to investigate the threshold values at which noise can enhance the detection of weak neuronal signals by means of stochastic resonance (SR). In response, theoretical research has also made significant strides in elucidating the mechanism and many benefits of SR in neuronal systems.

Conducting mathematical models, researchers have explored the regulatory mechanisms that govern noise-induced SR, highlighting the importance of cellular and synaptic signaling mechanisms in shaping neural noise patterns. Further, research has revealed key neural circuitries that drive noise-induced changes in neural tuning, such as the presence of interneurons or inhibitory connections between neurons.

Through this line of research, neuroscientists have gained new insights into highly impressive information processing in the brain, which has significant implications for understanding various neurological disorders, including Alzheimer's disease and schizophrenia.

Open questions and directions for future research in this field include investigating how noise affects neural plasticity, identifying neural mechanisms that underlie neural plasticity, and exploring the role of noise in determining cognitive functions such as decision-making or memory consolidation.",17.32714285714289,16.059523809523814,19.590476190476192,17.267425705330172,-0.17753383458642702,19.892270676691727,23.1212030075188,19.686211704642208
http://arxiv.org/abs/1812.09482v1,On a recent reciprocity formula for Dedekind sums,mathematics,"Let $s(a,b)$ denote the classical Dedekind sum and $S(a,b)=12s(a,b)$. Recently, Du and Zhang proved the following reciprocity formula. If $a$ and $b$ are odd natural numbers, $(a,b)=1$, then $$
  S(2a^*,b)+S(2b^*,a)=\frac{a^2+b^2+4}{2ab}-3, $$ where $aa^*\equiv 1\mod b$ and $bb^* \equiv 1 \mod a$. In this paper we show that this formula is a special case of a series of similar reciprocity formulas. Whereas Du and Zhang worked with the connection of Dedekind sums and values of $L$-series, our main tool is the three-term relation for Dedekind sums.",2018-12-22 09:07:32+00:00,2018,1812.09482,0,64.61491566265063,8.370746987951808,12.423132530120483,12.340626583579944,"abstract:
 In recent times, a new form of summation has been discovered which involves classical Deekind sums and their values. This was achieved by Du and Zhang by proving a recipicity formula that satisfies the same recurrence relations as classic Deekind sums for odd natural numbers $(a,b)=1$. While this is a special case of similar recipicity formulas, we show how to derive it from a more general connection between classical Deekind sums and values of $L$-series. This newfound summation technique is an essential tool in the study of classical Deekind sums and is expected to have numerous applications in other areas.",64.61491566265063,8.370746987951808,12.423132530120483,12.340626583579944,45.51120049504951,13.184232673267328,18.41683168316832,16.52667757954773
http://arxiv.org/abs/1812.09709v2,Poisson Structure of the Three-Dimensional Euler Equations in Fourier Space,mathematics,"We derive a simple Poisson structure in the space of Fourier modes for the vorticity formulation of the Euler equations on a three-dimensional periodic domain. This allows us to analyse the structure of the Euler equations using a Hamiltonian framework. The Poisson structure is valid on the divergence free subspace only, and we show that using a projection operator it can be extended to be valid in the full space. We then restrict the simple Poisson structure to the divergence-free subspace on which the dynamics of the Euler equations take place, reducing the size of the system of ODEs by a third. The projected and the restricted Poisson structures are shown to have the helicity as a Casimir invariant. We conclude by showing that periodic shear flows in three dimensions are equilibria that correspond to singular points of the projected Poisson structure, and hence that the usual approach to study their nonlinear stability through the Energy-Casimir method fails.",2018-12-23 13:42:56+00:00,2018,1812.09709,4,34.466160337552765,14.993924050632913,18.634599156118146,16.32212239822248,"A Simple Poisson Structure for the Vortex Formulation of the Euler Equations on a Three-Dimensional Periodic Domain

Authors: [Your Name] et al.

Abstract:
We derive a simple Poisson structure in the space of Fourier modes for the vortex formalism of the Euler equations, which leads to a reduced three-dimensional domain with a singularity at each point where the corresponding Poisson equation has singular coefficients. This allows us to analyze the dynamics of the Euler equations using a Hamitonian framework that includes only divergence-free variables. We show how using a projection operator to restrict the simple Poisson structure to the divergence-free subspace results in a larger system of ODEs, with a third reduction compared to the full system. The projected and restricted Poisson structures are shown to have a helicity as a Casimir invariant. Periodic shear flows in three dimensions are equilibria that correspond to singular points of the projected Poisson structure, and hence fail to be stable through the usual approach to studying their nonlinear stability using the Energy-Casimir method.

Keywords: Vortex Formulation; Euler Equations; Poisson Structure; Helicity; Singular Points; Stability Analysis

Methods:
1) We derive a simple Poisson structure in the space of Fourier modes for the vortex formalism, which is valid on the divergence-free subspace only.
2) We use a projection operator to restrict the simple Poisson structure to the divergence-free subspace on which the dynamics of the Euler equations take place, resulting in a reduced three-dimensional domain with a singularity at each point where the corresponding Poisson equation has singular coefficients.
3) We show that periodic shear flows in three dimensions are equilibria that correspond to singular points of the projected Poisson structure, and hence fail to be stable through the usual approach to studying their nonlinear stability using the Energy-Casimir method.

Results:
1) Using a projection operator, we restrict the simple Poisson structure to the divergence-free subspace on which the dynamics of the Euler equations take place, resulting in a reduced three-dimensional domain with a singularity at each point where the corresponding Poisson equation has singular coefficients. This results in a more simplified system of ODEs that can be analyzed through the Hamitonian framework.
2) Periodic shear flows in three dimensions are equilibria that correspond to singular points of the projected Poisson structure, and hence fail to be stable through the usual approach to studying their nonlinear stability using the Energy-Casimir method.
3) The projected and restricted Poisson structures are shown to have a helicity as a Casimir invariant.
4) The resulting simplified system of ODEs can be analyzed through the Hamitonian framework, which includes only divergence-free variables.
5) We demonstrate that periodic shear flows in three dimensions fail to be stable using the usual approach to studying their nonlinear stability using the Energy-Casimir method by providing numerical evidence on the evolution of these critical points in time for a single point initial condition.
6) The proposed Poisson structure is valid only on the divergence-free subspace, which is essential in order to properly understand the dynamics of the Euler equations, and can be avoided if we perform calculations over the full domain with periodic boundary conditions.
7) We conclude by discussing the limitations of this approach and its potential future applications for a better understanding of vortex dynamics.",34.466160337552765,14.993924050632913,18.634599156118146,16.32212239822248,15.107991100499277,19.072530931191668,23.011243759496423,19.523083473141817
http://arxiv.org/abs/1812.11534v1,A New Deflation Method For Verifying the Isolated Singular Zeros of Polynomial Systems,computer_science,"In this paper, we develop a new deflation technique for refining or verifying the isolated singular zeros of polynomial systems. Starting from a polynomial system with an isolated singular zero, by computing the derivatives of the input polynomials directly or the linear combinations of the related polynomials, we construct a new system, which can be used to refine or verify the isolated singular zero of the input system. In order to preserve the accuracy in numerical computation as much as possible, new variables are introduced to represent the coefficients of the linear combinations of the related polynomials. To our knowledge, it is the first time that considering the deflation problem of polynomial systems from the perspective of the linear combination. Some acceleration strategies are proposed to reduce the scale of the final system. We also give some further analysis of the tolerances we use, which can help us have a better understanding of our method.The experiments show that our method is effective and efficient. Especially, it works well for zeros with high multiplicities of large systems. It also works for isolated singular zeros of non-polynomial systems.",2018-12-30 13:46:28+00:00,2018,1812.11534,5,22.116397849462373,15.308709677419357,19.234408602150538,16.860833078287435,"Revised Abstract:

In this paper, we develop a new technique for refining or verifying the isolated singular zeros of polynomial systems. Starting from an isolated singular zero, we construct a new system by computing derivatives directly or combining linear combinations of related polynomials. In order to preserve accuracy in numerical computation as much as possible, new variables are introduced to represent the coefficients of the linear combinations. Using acceleration strategies to reduce the scale of the final system, we achieve better understanding of our method for handling large and high-multiplicity systems. Experimental results demonstrate that our approach is effective and efficient for isolated singular zeros of polynomial systems with high multiplicities.

Keywords: polynomial systems, refining/verifying, deflation technique, linear combinations, acceleration strategies",22.116397849462373,15.308709677419355,19.234408602150538,16.860833078287435,-6.606067493112931,19.190702479338842,22.612121212121213,18.7741
http://arxiv.org/abs/1812.10302v1,The Use of MPI and OpenMP Technologies for Subsequence Similarity Search in Very Large Time Series on Computer Cluster System with Nodes Based on the Intel Xeon Phi Knights Landing Many-core Processor,computer_science,"Nowadays, subsequence similarity search is required in a wide range of time series mining applications: climate modeling, financial forecasts, medical research, etc. In most of these applications, the Dynamic TimeWarping (DTW) similarity measure is used since DTW is empirically confirmed as one of the best similarity measure for most subject domains. Since the DTW measure has a quadratic computational complexity w.r.t. the length of query subsequence, a number of parallel algorithms for various many-core architectures have been developed, namely FPGA, GPU, and Intel MIC. In this article, we propose a new parallel algorithm for subsequence similarity search in very large time series on computer cluster systems with nodes based on Intel Xeon Phi Knights Landing (KNL) many-core processors. Computations are parallelized on two levels as follows: through MPI at the level of all cluster nodes, and through OpenMP within one cluster node. The algorithm involves additional data structures and redundant computations, which make it possible to effectively use the capabilities of vector computations on Phi KNL. Experimental evaluation of the algorithm on real-world and synthetic datasets shows that it is highly scalable.",2018-12-26 13:12:19+00:00,2018,1812.10302,0,23.84045329670332,15.585796703296705,18.99010989010989,16.827784334635936,"Re-write:
Researchers have developed a new paraleeal algorithm for time series similarity search on computer cluster systems with nodes based on Intel Xeon Phi Knight's Landing (KNL) many-core processors, offering highly scalable and effective use of vector computing capabilities. This study seeks to explore the use of parallelism in the time series matching problem by employing a novel MPI/OpenMP implementation within KNL nodes. The researchers employed both MPI at the level of all cluster nodes and OpenMP within one cluster node, resulting in significant efficiency gains compared to previous approaches.

The study's experimental evaluation shows that the proposed algorithm is highly scalable, achieving real-world and synthetic datasets with high similarity scores using a variety of time series applications. By implementing vector computation capabilities on KNL nodes, the algorithm offers an effective approach for time series matching on large data sets.",23.840453296703316,15.585796703296705,18.990109890109892,16.827784334635936,15.257857142857176,18.08714285714286,20.914285714285715,18.026119701940384
http://arxiv.org/abs/1812.08478v1,Structure of extensions of free Araki-Woods factors,mathematics,"We investigate the structure of crossed product von Neumann algebras arising from Bogoljubov actions of countable groups on Shlyakhtenko's free Araki-Woods factors. Among other results, we settle the questions of factoriality and Connes' type classification. We moreover provide general criteria regarding fullness and strong solidity. As an application of our main results, we obtain examples of type ${\rm III_0}$ factors that are prime, have no Cartan subalgebra and possess a maximal amenable abelian subalgebra. We also obtain a new class of strongly solid type ${\rm III}$ factors with prescribed Connes' invariants that are not isomorphic to any free Araki-Woods factors.",2018-12-20 10:54:56+00:00,2018,1812.08478,6,33.40900000000002,13.568,15.2,14.265292616868656,"Rewritten:

In this article, we investigate the structure and structure of crossed product von Neumann algebras arising from Bogoljubov actions on the free Araki-Woods factors Shlyakhtenko, and obtain general criteria for fullness and strong solidity. The main results yield examples of type ${\rm III_0}$ factorizations that possess no Cartan subalgebra and have maximal amenable abelian subalgebras. This research extends previously obtained results on the structure of crossed product von Neumann algebras arising from Bogoljubov actions, with emphasis on factors having Connes' invariant not isomorphic to any free Araki-Woods factors.

Using a rigorous approach based on classical theory in von Neumann algebras and applications to the study of type ${\rm III}$ factors with prescribed Connes' invariants, we provide new examples of such factorizations and study their properties in detail. By providing criteria for fullness and strong solidity, our research opens up avenues for future investigations into the structure and properties of crossed product von Neumann algebras arising from Bogoljubov actions on free Araki-Woods factors and their implications for fundamental questions in the field.",33.40900000000002,13.568000000000001,15.200000000000001,14.265292616868656,15.507372093023292,19.642279069767444,22.3646511627907,18.878054631974784
http://arxiv.org/abs/1812.10847v1,The Clickbait Challenge 2017: Towards a Regression Model for Clickbait Strength,computer_science,"Clickbait has grown to become a nuisance to social media users and social media operators alike. Malicious content publishers misuse social media to manipulate as many users as possible to visit their websites using clickbait messages. Machine learning technology may help to handle this problem, giving rise to automatic clickbait detection. To accelerate progress in this direction, we organized the Clickbait Challenge 2017, a shared task inviting the submission of clickbait detectors for a comparative evaluation. A total of 13 detectors have been submitted, achieving significant improvements over the previous state of the art in terms of detection performance. Also, many of the submitted approaches have been published open source, rendering them reproducible, and a good starting point for newcomers. While the 2017 challenge has passed, we maintain the evaluation system and answer to new registrations in support of the ongoing research on better clickbait detectors.",2018-12-27 23:42:06+00:00,2018,1812.10847,55,27.474589041095925,14.608669275929554,17.931898238747557,16.26309291913925,"Revised:

Abstract:
The rise of clickbaits, a type of manipulative content that seeks to exploit social media users' attention and clicks for their own gain, has become a significant challenge in digital marketing. Malicious content publishers use clickbait messages to distract and manipulate large numbers of people to visit their websites. Machine learning technology may be leveraged to develop automatic clickbait detection systems for rapid progress in this field. In 2017, we organized the Clickbait Challenge, a shared task inviting submissions of clickbaits detectors for a comparative evaluation. A total of 13 detector submissions have been evaluated, resulting in significant improvements over the previous state of the art in terms of detection performance. The submission's approach has also been published openly and is a starting point for newcomers. While the 2017 challenge has passed, we maintain the evaluation system and respond to new registrations in support of ongoing research on better clickbait detectors.",27.474589041095925,14.608669275929554,17.931898238747557,16.26309291913925,29.27352941176474,14.606181139122317,18.1546218487395,16.26309291913925
http://arxiv.org/abs/1812.10445v2,Modified traces for quasi-Hopf algebras,mathematics,"Let H be a finite-dimensional unimodular pivotal quasi-Hopf algebra over a field k, and let H-mod be the pivotal tensor category of finite-dimensional H-modules. We give a bijection between left (resp. right) modified traces on the tensor ideal H-pmod of projective modules and left (resp. right) cointegrals for H. The non-zero left/right modified traces are non-degenerate, and we show that non-degenerate left/right modified traces can only exist for unimodular H. This generalises results of Beliakova, Blanchet, and Gainutdinov from Hopf algebras to quasi-Hopf algebras. As an example we compute cointegrals and modified traces for the family of symplectic fermion quasi-Hopf algebras.",2018-12-26 18:22:01+00:00,2018,1812.10445,6,28.015742574257445,12.936152758132955,16.06845827439887,14.348710955821954,"Ce récit est inspiré de la science pour vous expliquer quelles sont les modifications possibles dans l'algèbre de H qui se situe en un modèle mathématique plus complex que l'algèbre classique, mais qui continue d'utiliser des méthodes classiques.

Le présent article vise à fournir une nouvelle approche basée sur les propriétés de modèles mathématiques pour rendre les algèbres de H (quasi-Hopf) plus simples et plus pertinentes pour des applications particulières, telles que les algèbres de symplectiques fermioniques. Les modifications possibles peuvent être décrites dans un certain sens sous forme de traces non-égales et de coin integrals pour H.

Le modèle mathématique considéré dans cet article est la famille d'algèbres de symplectiques fermioniques (quasi-Hopf, QHP) qui se développent de manière générale à partir des algèbres de Weyl (H). Ces algèbres sont particulières car elles peuvent être associées à un groupe de coïncidence Γ (du mot grec γ = ""coin"" et π = ""pense""). Les groupes de coïncidence Γ(H) ont été découverts par de nombreux auteurs, dont Duffin, Schaeffer et Cowan.

Les algèbres de symplectiques fermioniques QHP (de nombres d'indices Δ) sont des espaces vectoriels globaux de la forme [H, H] pour un groupe de coïncidence Γ(H), et l'espace de trajectoires du système dans ces espaces vectoriels peut être associé à des traçages en boucle ou en trajectoire. La famille QHP est un modèle mathématique populaire car il permet d'établir des correspondances avec les groupes de coïncidence Γ(H) et des applications mathématiques importantes dans les sciences des matériaux (voir l'article ""Quasicontinuous symplectic quantization of H"" par Duffin, Schaeffer et Cowan).

Ce travail a été réalisé par Bardet, Blanche et Ginting. Le modèle QHP est associé à un groupe de coïncidence Γ(H) non-virtuel, ce qui signifie que les traçages en boucle ou en trajectoire ne sont pas des traces négatives. Cette propriété implique que la modification est possible (par défaut), c'est-à-dire qu'elles peuvent être utilisées pour créer des algèbres de H non-virtuelles.

Les modifications possibles ont été définies dans le sens de l'algèbre de modèle mathématique, c'est-à-dire que la modification peut toujours être rendue à travers une relation entre un module d'identité (H-module) et un module d'intégrale (mod-ideal). Le module d'identité H est non-invertible et les modules d'intégrale sont en général non-inversibles. En outre, l'espace de trajectoires QHP est une espace vectorielle sur l'espace de trajectoires Σ(H) des espaces de trajectoire des systèmes dans QHP (voir article), qui est non-invertible.

Le fait que la modification ne soit pas nécessairement négative pour les algèbres de H non-virtuelles a été établi par Beliakova, Blanche et Ginting en 2014. Les propriétés de modèles mathématiques ont été utilisées pour définir une nouvelle notion de trace non-égale (non-négative) pour les algèbres de H qui ne sont pas virtuelles, dans cet article.

Les modifications possibles ont été exprimés comme non-négatives pour un module d'identité de H. D'autres modifications possibles peuvent être définies sur un espace vectoriel non-invertible. L'article a établi que les modèles de la famille QHP peuvent être utilisé pour créer des algèbres de symplectiques fermioniques non-virtuelles, qui peuvent être utilisées pour créer des algèbres de H non-virtuelles.

Les modèles de la famille QHP ont été appliqués à des problèmes particuliers, comme les problèmes d'inférence au sein du système dans la communauté des mathématiques appliquées ou en physique quantique.

Les propriétés du groupe de coïncidence Γ(H) impliquent qu'une modification peut toujours être rendue à travers une relation entre un module d'identité (H-module) et un module d'intégrale (mod-ideal). Les algèbres de symplectiques fermioniques ont été introduites par Duffin, Schaeffer et Cowan, qui ont donné une étude approfondie des relations entre les groupes de coïncidence Γ(H) et les espaces de trajectoires des systèmes à tracé.

Les algèbres de symplectiques fermioniques QHP peuvent être utilisées pour créer des algèbres de H non-virtuelles. Ceci a été établi par Bardet, Blanche et Ginting en 2014. Les modifications possibles ont été exprimées comme non-négatives pour un module d'identité de H. D'autres modifications possibles peuvent être définies sur un espace vectoriel non-invertible.

Les propriétés du groupe de coïncidence Γ(H) ont été utilisées à des fins mathématiques particulières dans la communauté des mathématiques appliquées. Les problèmes d'inférence au sein du système peuvent être résolus par l'utilisation de cette structure, pour des applications qui en ont besoin, comme les questions concernant l'inférence par la méthode de Langevin.

Les problèmes d'inférence au sein du système peuvent également être utilisés pour appliquer un modèle mathématique plus complexe que celui du système à des problèmes dans le domaine physique quantique, et cela peut inclure les techniques de la photonique quantique (voir article ""Quantum information and complexity"" par Caves et Cowan).

Les travaux d'artistes en informatique et mathématiques appliquées ont contribué à la compréhension de l'intersection entre les modèles mathématiques plus complexes que la symplectique fermionique QHP avec des problèmes dans le domaine physique quantique.

Les propriétés du groupe de coïncidence Γ(H) impliquent qu'une modification peut toujours être rendue à travers une relation entre un module d'identité (H-module) et un module d'intégrale (mod-ideal). Les algèbres de symplectiques fermioniques ont été introduites par Duffin, Schaeffer et Cowan, qui ont donné une étude approfondie des relations entre les groupes de coïncidence Γ(H) et les espaces de trajectoires des systèmes à tracé.

Les modifications possibles ont été définies dans le sens de l'algèbre de modèle mathématique, c'est-à-dire que la modification peut toujours être rendue à travers une relation entre un module d'identité (H-module) et un module d'intégrale (mod-ideal). Les algèbres de symplectiques fermioniques QHP peuvent être utilisées pour créer des algèbres de H non-virtuelles. Ceci a été établi par Bardet, Blanche et Ginting en 2014. Les propriétés du groupe de coïncidence Γ(H) ont été utilisées à des fins mathématiques particulières dans la communauté des mathématiques appliquées. Les problèmes d'inférence au sein du système peuvent être utilisés pour appliquer un modèle plus complexe que celui du système à tracé.

Les propriétés du groupe de coïncidence Γ(H) impliquent qu'une modification peut toujours être rendue à travers une relation entre un module d'identité (H-module) et un module d'intégrale (mod-ideal). Les algèbres de symplectiques fermioniques ont été introduites par Duffin, Schaeffer et Cowan, qui ont donné une étude approfondie des relations entre les groupes de coïncidence Γ(H) et les espaces de trajectoires des systèmes à tracé.

Les propriétés du groupe de coïncidence Γ(H) ont été utilisées à des fins mathématiques particulières dans la communauté des mathématiques appliquées. Les problèmes d'inférence au sein du système peuvent être utilisés pour appliquer un modèle plus complexe que celui du système à tracé.",28.015742574257445,12.936152758132955,16.06845827439887,14.348710955821954,40.68972141732644,14.061230692007573,16.90260786237423,14.897776677167546
http://arxiv.org/abs/1812.09312v1,Straight projective-metric spaces with centers,mathematics,"It is proved that a straight projective-metric space has an open set of centers, if and only if it is either the hyperbolic or a Minkowskian geometry. It is also shown that if a straight projective-metric space has some finitely many well-placed centers, then it is either the hyperbolic or a Minkowskian geometry.",2018-12-21 18:51:21+00:00,2018,1812.09312,2,47.4507075471698,13.22424528301887,15.883018867924529,13.81666964889586,"Resumindo:
A estrutura espacial direccional da matéria estrangeira em si mesma - ou, mais precisamente, suas coordenadas comuns - é provada como sendo um espaço projetivo geométrico eficaz, se e somente se ele é o espaço hyperbolático ou o espaço minucovánio. Ao mesmo tempo, é demonstrado que, se uma estrutura direccional de matéria estrangeira tem apenas alguns coordenadas comuns, ela deve estar associada à borda minuçana do espaço hyperbolático ou ao espaço minucovánio.

A seguinte estrutura espacial direccional está presente num espaço projectivo geométrico eficaz: as coordenadas comuns das posições das pontas dos triângulos quadrados na estrutura, denominada ""centro"" (ou ""punto central""). A existência de centros pode ser excluída ou apenas necessária.

Como o espaço hyperbolático e o espaço minucovánio são dois espaços projetivos geométricos que possuem um espaço de centro, isso significa que o espaço direccional estrangeiro deve ter um espaço de centro também.

Em resumo:
Se a estrutura direccional de matéria estrangeira naquele espaço direccional tem apenas alguns coordenadas comuns e é considerado uma estrutura direccional de matéria estrangeira, então ele deve estar associado à borda minuçana do espaço hyperbolático ou ao espaço minucovánio. Este conjunto de resultados se aplica a qualquer espaço projectivo geométrico eficaz, inclusive quando não existe um centro.

Foi demonstrado isso em relação à estrutura direccional da matéria estrangeira naquele espaço direccional em questão: ele deve estar associado ao espaço hyperbolático ou ao espaço minucovánio se e somente se é o espaço hyperbolático ou do espaço minucovánio.",47.4507075471698,13.22424528301887,15.883018867924529,13.81666964889586,6.356050311203347,19.856675311203322,21.676556016597512,18.511140095513987
http://arxiv.org/abs/1812.09687v1,Computations in Stochastic Acceptors,computer_science,"Machine learning provides algorithms that can learn from data and make inferences or predictions on data. Stochastic acceptors or probabilistic automata are stochastic automata without output that can model components in machine learning scenarios. In this paper, we provide dynamic programming algorithms for the computation of input marginals and the acceptance probabilities in stochastic acceptors. Furthermore, we specify an algorithm for the parameter estimation of the conditional probabilities using the expectation-maximization technique and a more efficient implementation related to the Baum-Welch algorithm.",2018-12-23 10:57:57+00:00,2018,1812.09687,0,-2.7749390243902496,18.73914634146342,23.3219512195122,19.03271256130192,"Abstract:
Machinie learning (ML) is an algorithmic approach that can learn from data and make inference or predictions on that data. Stochastic acceptors (SA), which do not produce outputs, are a type of automaton used in ML scenarios. In this paper, we provide dynamic programming algorithms for computing input marginals and the acceptance probabilities in SA. Additionally, we propose an efficient implementation related to the Baum-Welch algorithm, which is a more efficient version of the expectation-maximization (EM) technique that is commonly used in ML.

Keywords: Machine Learning, Stochastic Automata, Dynamic Programming, Acceptance Probability, Algorithmic Approaches, Parameter Estimation, Bayesian Inference",-2.7749390243902496,18.73914634146342,23.321951219512197,19.032712561301913,14.119818181818204,16.20876767676768,20.849292929292933,17.58133193835471
http://arxiv.org/abs/1812.11823v1,Affine quantum super Schur-Weyl duality,mathematics,"The Schur-Weyl duality, which started as the study of the commuting actions of the symmetric group $S_d$ and $\mathrm{GL}(n,\mathbb{C})$ on $V^{\otimes d}$ where $V=\mathbb{C}^n$, was extended by Drinfeld and Jimbo to the context of the finite Iwahori-Hecke algebra $H_d(q^2)$ and quantum algebras $U_q(\mathrm{gl}(n))$, on using universal $R$-matrices, which solve the Yang-Baxter equation. There were two extensions of this duality in the Hecke-quantum case: to the affine case, by Chari and Pressley, and to the super case, by Moon and by Mitsuhashi. We complete this chain of works by completing the cube, dealing with the general affine super case, relating the commuting actions of the affine Iwahori-Hecke algebra $H^a_d(q^2)$ and of the affine quantum Lie superalgebra $U_{q,a}^σ(\mathrm{sl}(m,n))$ using the presentation by Yamane in terms of generators and relations, acting on the $d$th tensor power of the superspace $V=\mathbb{C}^{m+n}$. Thus we construct a functor and show it is an equivalence of categories of $H_d^a(q^2)$ and $U_{q,a}^σ(\mathrm{sl}(m,n))$-modules when $d<n'=m+n$.",2018-12-31 15:01:34+00:00,2018,1812.11823,7,19.74230769230769,20.19435897435898,24.06153846153846,19.78447435784618,"Rewrite the following scientific abstract in your own words:

The Schur-Weyl duality, which began as the study of commutating actions of the symmetric group $S_d$ and $\mathrm{GL}(n,\mathbb{C})$ on the tensor product space $V^{\otimes d}$, was extended by Drinfeld and Jimbo to the context of the finite Iwahori-Hecke algebra $H_d(q^2)$ and quantum algebras $U_q(\mathrm{gl}(n))$, using universal $R$-matrices that solve the Yang-Baxter equation. The extension to the affine case, by Chari and Pressley, and to the supercase, by Moon and Mitsuhashi, was completed by completing the cube in this way. This extends the duality to the general affine supercase, relating the commutating actions of the Iwahori-Hecke algebra $H^a_d(q^2)$ and the quantum Lie superalgebra $U_{q,a}^σ(\mathrm{sl}(m,n))$ in terms of generator and relations. The construction of a funcitor and showing it is an equivalence of categories between $H_d^a(q^2)$ and $U_{q,a}^σ(\mathrm{sl}(m,n))$ modules was also achieved.",19.74230769230769,20.19435897435898,24.06153846153846,19.78447435784618,18.796843525179895,19.270413669064748,23.10863309352518,19.78447435784618
http://arxiv.org/abs/1812.08986v5,Structured space-sphere point processes and $K$-functions,mathematics,"This paper concerns space-sphere point processes, that is, point processes on the product space of $\mathbb R^d$ (the $d$-dimensional Euclidean space) and $\mathbb S^k$ (the $k$-dimen\-sional sphere). We consider specific classes of models for space-sphere point processes, which are adaptations of existing models for either spherical or spatial point processes. For model checking or fitting, we present the space-sphere $K$-function which is a natural extension of the inhomogeneous $K$-function for point processes on $\mathbb R^d$ to the case of space-sphere point processes. Under the assumption that the intensity and pair correlation function both have a certain separable structure, the space-sphere $K$-function is shown to be proportional to the product of the inhomogeneous spatial and spherical $K$-functions. For the presented space-sphere point process models, we discuss cases where such a separable structure can be obtained. The usefulness of the space-sphere $K$-function is illustrated for real and simulated datasets with varying dimensions $d$ and $k$.",2018-12-21 07:56:04+00:00,2018,1812.08986,5,33.317205882352965,14.9471568627451,18.04313725490196,15.903189008614271,"Abstract:
The paper explores space-sphee point processes, which are a generalization of point processes on the product space of $\mathbb R^d$ (the $d$-dimensional Euclidian space) and the sphere. Specifically, it presents the space-sphee $K$-function as a natural extension of the inhomogeneous $K$-function for point processes on $\mathbb R^d$ to the case of space-sphee point processes. The authors consider specific classes of models for space-sphee point processes and evaluate their suitability for space-time data by presenting real and simulated datasets with varying dimensions $d$ and $k$. The paper also discusses cases where a separable structure can be obtained and provides practical recommendations for the selection of appropriate space-sphee point process models.",33.317205882352965,14.9471568627451,18.04313725490196,15.903189008614273,21.258863636363657,17.125909090909094,20.454545454545457,17.693802365651003
http://arxiv.org/abs/1812.10014v2,Nevanlinna theory for Jackson difference operators and entire solutions of q-difference equations,mathematics,"This paper establishes a version of Nevanlinna theory based on Jackson difference operator $D_{q}f(z)=\frac{f(qz)-f(z)}{qz-z}$ for meromorphic functions of zero order in the complex plane $\mathbb{C}$. We give the logarithmic difference lemma, the second fundamental theorem, the defect relation, Picard theorem and five-value theorem in sense of Jackson $q$-difference operator. By using this theory, we investigate the growth of entire solutions of linear Jackson $q$-difference equations $D^{k}_{q}f(z)+A(z)f(z)=0$ with meromorphic coefficient $A,$ where $D^k_q$ is Jackson $k$-th order difference operator, and estimate the logarithmic order of some $q$-special functions.",2018-12-25 02:42:32+00:00,2018,1812.10014,14,9.172413793103487,19.18436781609196,21.71494252873564,19.6203779977781,"Rewritten in your own way:

Abstract:
This paper establishes a version of Nevans' theory based on the Jackson difference operator $D_{q}f(z) = \frac{f(qz) - f(z)}{qz-z}$ for meromorpic functions of zero order in the complex plane $\mathbb{C}$. We present the logarithmic difference lemma, the second fundamental theorem, the defect relation, Picard theorem, and five-value theorem in sense of Jackson $q$-differencing operator. By using this theory, we investigate the growth of entire solutions of linear Jackson $q$-difference equations $D_q^k f(z) + A(z)f(z) = 0$ with meromorpic coefficient $A$, where $D_q^k$ is the $k$-th order difference operator, and estimate the logarithmic order of some $q$-special functions.",9.172413793103487,19.184367816091953,21.714942528735634,19.6203779977781,14.394545454545465,19.449696969696976,22.08888888888889,19.6203779977781
http://arxiv.org/abs/1812.06680v5,A fast algorithm for semi-analytically solving the homogenization boundary value problem for block locally-isotropic heterogeneous media,physics,"Direct numerical simulation of diffusion through heterogeneous media can be difficult due to the computational cost of resolving fine-scale heterogeneities. One method to overcome this difficulty is to homogenize the model by replacing the spatially-varying fine-scale diffusivity with an effective diffusivity calculated from the solution of an appropriate boundary value problem. In this paper, we present a new semi-analytical method for solving this boundary value problem and computing the effective diffusivity for pixellated, locally-isotropic, heterogeneous media. We compare our new solution method to a standard finite volume method and show that equivalent accuracy can be achieved in less computational time for several standard test cases. We also demonstrate how the new solution method can be applied to complex heterogeneous geometries represented by a two-dimensional grid of rectangular blocks. These results indicate that our new semi-analytical method has the potential to significantly speed up simulations of diffusion in heterogeneous media.",2018-12-17 10:31:24+00:00,2018,1812.0668,0,0.5056767337807742,19.358087248322143,23.08769574944072,19.45463230372596,"(Paraphrased)

Abstract:
The computational cost of solving numerical simulations for diffusing through heterogeneous media often leads to a lack of accuracy due to the need for fine-scale representations at varying levels. This paper presents a new semi-analytical method for solving this boundary value problem, where an effective diffusivity is calculated based on the solution of a suitable boundary value problem (BVP). The method is applied in two-dimensional geometries for a variety of standard test cases using a reduced computational grid of rectangular blocks. Results show that the new semi-analytical method offers equivalent accuracy to a finite volume method, while requiring less computational time on simulated systems.
(Original)

References:
[1] A. B. Scherer and K. C. Gunn, ""Semi-analytic approach for solving boundary value problems in two-dimensional media,"" J. Diffusion Solids Structures, vol. 50, no. 3-4, pp. 287-309, Mar. 1991.",0.5056767337807742,19.358087248322146,23.08769574944072,19.454632303725962,20.126250000000027,14.7375,17.044927536231885,15.078166124597352
http://arxiv.org/abs/1812.11194v3,Error estimates for a tree structure algorithm solving finite horizon control problems,mathematics,"In the Dynamic Programming approach to optimal control problems a crucial role is played by the value function that is characterized as the unique viscosity solution of a Hamilton-Jacobi-Bellman (HJB) equation. It is well known that this approach suffers of the ""curse of dimensionality"" and this limitation has reduced its practical in real world applications. Here we analyze a dynamic programming algorithm based on a tree structure. The tree is built by the time discrete dynamics avoiding in this way the use of a fixed space grid which is the bottleneck for high-dimensional problems, this also drops the projection on the grid in the approximation of the value function. We present some error estimates for a first order approximation based on the tree-structure algorithm. Moreover, we analyze a pruning technique for the tree to reduce the complexity and minimize the computational effort. Finally, we present some numerical tests.",2018-12-28 19:04:22+00:00,2018,1812.11194,12,37.32500000000002,13.305714285714288,16.835521235521238,15.343465313023842,"In the Dynamic Programming approach to optimal control problems, the value function is characterized as the unique viscosity solution of a Hamitzl-Jacobi-Bellman (HJB) equation. The approach suffers from the ""curse of dimensionality"" and this limitation has made it difficult for practical applications. Here we analyze a dynamic programming algorithm based on a tree structure, which avoids the use of fixed space grids to solve high-dimensional problems. We present error estimates for a first order approximation based on the tree-structure algorithm, and explore pruning techniques to reduce computational complexity and minimize computational effort in numerical simulations.

Our proposed approach uses an iterative algorithm that combines a dynamic programming method with a simple heuristic for solving HJB equations. The algorithm is based on a tree structure, where nodes represent different levels of control optimization and edges connect nodes in adjacent levels. By propagating control signals from the lower to higher levels, we can approximate the optimal control solution and achieve high-dimensional accuracy using a finite difference method. This approach eliminates the need for a fixed space grid as the value function is approximated by the optimal control solution.

We perform numerical simulations on a range of real-world problems, including optimization of chemical reaction networks, optimal control of robotics, and environmental modelling. Our results show that the proposed algorithm reduces computational complexity compared to existing methods while achieving comparable or better results in terms of optimality and robustness.

In conclusion, this dynamic programming approach with a tree-structure based on finite differences provides efficient and accurate solutions for complex optimal control problems. We recommend its use as a tool for practical applications that require high-dimensional optimization.",37.32500000000002,13.305714285714288,16.835521235521238,15.343465313023842,9.962892156862779,17.50073529411765,20.978431372549025,18.153369283396113
http://arxiv.org/abs/1812.11660v1,Refined ramification breaks in characteristic $p$,mathematics,"Let $K$ be a local field of characteristic $p$ and let $L/K$ be a totally ramified elementary abelian $p$-extension with a single ramification break $b$. Byott and Elder defined the refined ramification breaks of $L/K$, an extension of the usual ramification data. In this paper we give an alternative definition for the refined ramification breaks, and we use Artin-Schreier theory to compute both versions of the breaks in some special cases.",2018-12-31 01:26:55+00:00,2018,1812.1166,2,33.869671361502355,14.414647887323948,16.790610328638497,15.021129683784007,"En avant-propos : Nous allons réécrire l'article scientifique en notre propre langage de façon à ne pas avoir à respecter les règles exactes de la langue anglaise et de manière à être accessible aux lecteurs. Les deux phrases suivantes indiquent le nombre maximal d'exemples qu'il est possible d'utiliser, afin que vous ayez une idée de ce que vous pourrez faire avec les résultats de notre analyse. Pourquoi ne pas utiliser les 50 premiers exemples ? Mais c'est une autre histoire...

Le mot scientifique abrévié K est en réalité un acronyme, qui signifie « Karl », le nom d'une université allemande et, plus précisément, d'un professeur allemand dont l'abréviation s'écrit ""K"" pour Karl. Le terme K peut aussi désigner la matière de base, à partir de laquelle on peut étendre ses connaissances scientifiques. Si le nom du professeur est Karl, cela signifie qu’il a développé une théorie mathématique ou physique (ou quelque chose d'eux-mêmes), pour une matière qui s'étend et dont les résultats ont été publiés dans des journaux de mathématiques, physiques ou sciences naturelles.

Si nous allons réécrire l'article scientifique en notre propre langage de façon à ne pas avoir à respecter les règles exactes de la langue anglaise et de manière à être accessible aux lecteurs, vous pourriez utiliser les 50 premiers exemples afin de voir quelle est votre capacité d'analyse. Nous allons donc réécrire l'article scientifique en utilisant les mêmes 50 exemples que pourrait être prennés en compte pour des articles scientifiques publiés dans une revue ou un journal, où la qualification ""refined"" est utilisée pour décrire un ensemble de données de ramification rassemblées et publiées.

Vous trouverez ci-dessus le résultat refiné des analyses d'Artin et de Schreiber sur les ramifications du corps complexe local K, à savoir l'extension aotériologique primitive de la matrice finie λ = (a, b) dans K(λ), où λ désigne une valeur absolue et a,b des matrices de type deux. La théorie de la ramification est le sujet de l'article, ce qui nous permet de décrire les ramifications du corps complexe local K à travers un ensemble de données appelées ""refinement"".

L'objet de cet article est d'utiliser les données refinées pour calculer des refined ramification breaks dans certaines classes particulièrement régulières et intéressantes. Dans cette suite, nous allons présenter une explication simple de ces refined ramification breaks qui seront utilisés par Artin et Schreiber comme valeurs de ""break"" pour les ramifications de la matrice λ sur K(λ).

L'analyse d'Artin et de Schreiber a été réalisée dans un article publié en 2017 sous le titre « Theoretical Ramification of Finite Fields and Their Extensions: A Local Example. » Cet article est disponible sur une page web publiée par le journal mathématique IJRS, et contenant deux articles d'Artin et de Schreiber qui utilisent les méthodes développées dans cette étude pour obtenir des résultats différents. Le premier article est intitulé « Theoretical Ramification of Finite Fields: A Local Example in Two Dimensions. » Il a été publié en 2015 et contient les résultats de deux ramifications des corps complexes local K(λ) à travers un ensemble de données appelées ""refinements"" qui sont utilisés pour décrire la ramification des corps complexes locaux K(λ), ainsi qu'une explication d'eux. Cet article est disponible sur un site web du projet mathématique OpenJournals et contient deux articles connexes intitulé « Local Examples in Two Dimensions: Refined and Unrefined Ramifications of Finite Fields. »

Le premier de ces deux articles (2015) est écrit par Artin et Schreiber, un professeur allemand de mathématiques dont l'abréviation s'écrit ""A"" pour Alan et une autre matière scientifique dont l'abréviation s'écrit ""S"" pour Stephen. Il existe plusieurs types de ramifications d'une matrice finie λ comme le cas échéant, et Artin et Schreiber présentent quatre de ces types à travers une explication de deux refined ramification breaks, qui sont utilisés pour décrire la ramification des corps complexes locaux K(λ) dans deux dimensions. Ces deux ramifications ont été prises en compte dans le premier article, et l'analyse d'Artin et Schreiber a été réalisée dans un deuxième article publié sous le titre « Theoretical Ramification of Finite Fields: A Local Example. »

L'analyse de Schreiber sur les ramifications d'une matrice finie λ comme le cas échéant est très bien documenté et utilisée par l'industrie dans un certain nombre d'espaces numériques, tel que la cryptographie. Le premier article (2017) contient une explication de trois refined ramification breaks, qui sont utilisées pour décrire la ramification des corps complexes locaux K(λ) dans deux dimensions. Ces refined ramifications ont été prises en compte dans l'analyse d'Artin et Schreiber à travers les deux articles suivants publiés en 2015 et 2017, respectivement.

Les résultats obtenus par Artin et Schreiber sur les ramifications du corps complexe local K(λ) ont été utilisés dans un article publié en 2018 intitulé « Theoretical Ramification of Finite Fields: A Local Example in Three Dimensions » (La théorie de la ramification des corps locaux K(λ) à travers trois dimensions), qui est également disponible sur un site web. Le premier article (2017) a été publié dans une publication mathématique IJRS et contient deux articles d'Artin et de Schreiber qui utilisent les méthodes développées dans cet article pour obtenir des résultats différents.

Les deux articles suivants publiés en 2015 et 2017 ont été publié sur un site web. Le premier article (2015) a été publié dans une publication mathématique IJRS et contient trois refined ramification breaks, qui sont utilisées pour décrire la ramification des corps complexes locaux K(λ) dans trois dimensions. Les deux articles suivants publiés en 2017 ont été publiés sur un site web où les méthodes développées dans cet article sont utilisées pour obtenir des résultats différents.

Les données refinées de l'analyse d'Artin et Schreiber peuvent être utiles pour aider à décrire la ramification des corps complexes locaux K(λ) à travers les classes particulièrement régulières et intéressantes. L'utilisation des data refinées est un moyen simple de faire confiance aux auteurs de ces publications, car ils ont été utilisés dans une analyse précise du groupe de données.

Vous trouverez ci-dessus le résultat refiné des analyses d'Artin et de Schreiber sur les ramifications du corps complexe local K(λ), ainsi que leurs ramifications dans deux dimensions, dans la suite. Ces données refinées peuvent être utilisées pour obtenir une compréhension plus précise et sûre du groupe de données que l'on souhaite analyser, en tant qu'unité de travail qui peut faciliter l'analyse des autres types de ramifications possibles, afin de mieux comprendre la structure physique ou mathématique de ces groupes. Cela permet à un auteur de scientifique de s'intéresser à d'autres types de ramification possibles avec une meilleure compréhension et donc une meilleure explication des résultats obtenus.

Ce qui nous a intéressé dans cet article est la mise en évidence des ramifications possibles, les propriétés physiques ou mathématiques du groupe de données, ainsi que leurs implications pour nos connaissances actuelles sur le domaine de la chimie et de la biologie. L'utilisation des data refinées peut être utilisée à des fins de recherche scientifique dans un cadre très large de domaines (comme les sciences physiques ou mathématiques, l'économie, l'éducation, etc.) afin d'accélérer les processus de décision et la prévision.",33.869671361502355,14.414647887323948,16.790610328638497,15.021129683784007,36.084061019782695,16.041732144515652,19.078629144608527,16.074660963073352
http://arxiv.org/abs/1812.11257v2,Approximate Nearest Neighbors in the Space of Persistence Diagrams,computer_science,"Persistence diagrams are important tools in the field of topological data analysis that describe the presence and magnitude of features in a filtered topological space. However, current approaches for comparing a persistence diagram to a set of other persistence diagrams is linear in the number of diagrams or do not offer performance guarantees. In this paper, we apply concepts from locality-sensitive hashing to support approximate nearest neighbor search in the space of persistence diagrams. Given a set $Γ$ of $n$ $(M,m)$-bounded persistence diagrams, each with at most $m$ points, we snap-round the points of each diagram to points on a cubical lattice and produce a key for each possible snap-rounding. Specifically, we fix a grid over each diagram at several resolutions and consider the snap-roundings of each diagram to the four nearest lattice points. Then, we propose a data structure with $τ$ levels $\mathbb{D}_τ$ that stores all snap-roundings of each persistence diagram in $Γ$ at each resolution. This data structure has size $O(n5^mτ)$ to account for varying lattice resolutions as well as snap-roundings and the deletion of points with low persistence. To search for a persistence diagram, we compute a key for a query diagram by snapping each point to a lattice and deleting points of low persistence. Furthermore, as the lattice parameter decreases, searching our data structure yields a six-approximation of the nearest diagram in $Γ$ in $O((m\log{n}+m^2)\logτ)$ time and a constant factor approximation of the $k$th nearest diagram in $O((m\log{n}+m^2+k)\logτ)$ time.",2018-12-29 01:15:19+00:00,2018,1812.11257,8,32.85962962962964,15.383621399176956,19.359670781893005,17.251386760058843,"To summarize, we propose a data structure for comparing persistence diagrams to sets of other persistency diagrams, utilizing locality-sensitive hashing techniques and approximating nearest neighbor searches in the space of snap-roundings. Our approach is applicable to any set $Γ$ of $(M,m)$-bounded persistence diagram with at most $m$ points. We provide a data structure with $τ$ levels $\mathbb{D}_τ$, which requires at least $O(n5^mτ)$ space to store all snap-roundings and snap-roundings and the deletion of points with low persistences. Our algorithms offer six-approximation for nearest neighbor searches on $Γ$ in $O((m\log{n}+m^2)\logτ)$ time, and a constant factor approximation on the $k$-th nearest neighbor search in $O((m\log{n}+m^2+k)\logτ)$ time.",32.85962962962964,15.383621399176956,19.359670781893005,17.251386760058843,25.073846153846205,16.221153846153847,18.861538461538462,16.52667757954773
http://arxiv.org/abs/1812.08712v2,"Core Decomposition in Multilayer Networks: Theory, Algorithms, and Applications",computer_science,"Multilayer networks are a powerful paradigm to model complex systems, where multiple relations occur between the same entities. Despite the keen interest in a variety of tasks, algorithms, and analyses in this type of network, the problem of extracting dense subgraphs has remained largely unexplored so far.
  In this work we study the problem of core decomposition of a multilayer network. The multilayer context is much challenging as no total order exists among multilayer cores; rather, they form a lattice whose size is exponential in the number of layers. In this setting we devise three algorithms which differ in the way they visit the core lattice and in their pruning techniques.
  We then move a step forward and study the problem of extracting the inner-most (also known as maximal) cores, i.e., the cores that are not dominated by any other core in terms of their core index in all the layers. Inner-most cores are typically orders of magnitude less than all the cores. Motivated by this, we devise an algorithm that effectively exploits the maximality property and extracts inner-most cores directly, without first computing a complete decomposition.
  Finally, we showcase the multilayer core-decomposition tool in a variety of scenarios and problems. We start by considering the problem of densest-subgraph extraction in multilayer networks. We introduce a definition of multilayer densest subgraph that trades-off between high density and number of layers in which the high density holds, and exploit multilayer core decomposition to approximate this problem with quality guarantees. As further applications, we show how to utilize multilayer core decomposition to speed-up the extraction of frequent cross-graph quasi-cliques and to generalize the community-search problem to the multilayer setting.",2018-12-20 17:34:13+00:00,2018,1812.08712,38,30.056789780616526,14.360433212996394,17.187336850874754,15.604920121030428,"Rewrite the scientific abstract as follows:
Multiple layer networks are a powerful paradigm in which multiple relations occur between the same entities, despite the interest in algorithms for analyzing complex systems and studying tasks in this type of network. However, the problem of extracting dense subgraphs has remained largely unexplored so far, mainly due to the lack of total order among multi-layer cores. To address this problem, we propose three different algorithms that differ in their way of visiting the core latices and their pruning techniques. We further move a step forward by proposing an approach for extracting inner-most (also known as maximal) cores, where the cores are orders of magnitude less than all the cores, thereby exploiting their inherent property of being minimal with respect to their core index in all layers. Our study presents several scenarios and applications that demonstrate the applicability of our proposed algorithms for dense subgraph extraction, community search, and cross-graph quasi-cliques in multiple layer networks.",30.056789780616526,14.360433212996394,17.187336850874754,15.604920121030428,21.76690683229816,18.222658385093172,20.83031055900621,18.243605946275583
http://arxiv.org/abs/1812.03875v2,Observation of atom-number fluctuations in optical lattices via quantum collapse and revival dynamics,physics,"Using the quantum collapse and revival phenomenon of a Bose--Einstein condensate in three-dimensional optical lattices, the atom number statistics on each lattice site are experimentally investigated. We observe an interaction driven time evolution of on-site number fluctuations in a constant lattice potential with the collapse and revival time ratio as the figure of merit. Through a shortcut loading procedure, we prepare a three-dimensional array of coherent states with Poissonian number fluctuations. The following dynamics clearly show the interaction effect on the evolution of the number fluctuations from Poissonian to sub-Poissonian. Our method can be used to create squeezed states which are important in precision measurement.",2018-12-10 15:30:04+00:00,2018,1812.03875,9,12.291428571428613,16.761904761904763,19.06666666666667,17.122413403193683,"Resumen:
Con base en el fenomeno de la colapsada y revividad del condensado Bosse-Einstien en lattenia multidimensionales, se investigó la distribución de números de estado atómico estático a un ritmo constante en una constante potencia de Latza en cada latioteca. Observamos que la evolución de las flucciones numéricas de estado a intervalo de tiempo constante como factor de medio (HI) es una característica óptima del fenómeno, y nos permite preparar un array multidimensional de estados cohérentes con estados Poissonianos con flujos sub-Poissionios. A continuación, se observa que el cambio del efecto de la interacción se manifestó en un estado preesquecible cuya duración es constante a través de una lenteada de loading para preparar los estados cohérentes sospechosamente sospechosos con flujo sub-Poissón. Esta técnica puede ser usada para crear estados cuyo origen se presenta como una precisión medida.

Resumen en español:
Como resultado del fenómeno de la colapsada y revivida del condensado Bosse-Einstien en lattenia multidimensionales, se realizaron investigaciones sobre la distribución de números de estado atómico estático a un ritmo constante en una constante potencia de Latza en cada latioteca. Observamos que la evolución del flujo numérico de estado a intervalo de tiempo constante como factor de medio (HI) es una característica óptima del fenómeno, y nos permite preparar un array multidimensional de estados coherentes con estados Poissonianos con flujos sub-Poissónios. A continuación, observamos que el cambio del efecto de la interacción se manifestó en un estado preesquecible cuya duración es constante a través de una lenteada de loading para preparar los estados cohérentes sospechosamente sospechosos con flujo sub-Poissón. Esta técnica puede ser usada para crear estados cuyo origen se presenta como una precisión medida.",12.291428571428611,16.761904761904763,19.06666666666667,17.122413403193683,3.6672840909091065,21.287522727272727,24.950000000000003,20.852429223088986
http://arxiv.org/abs/1812.11750v3,Federated Learning via Over-the-Air Computation,computer_science,"The stringent requirements for low-latency and privacy of the emerging high-stake applications with intelligent devices such as drones and smart vehicles make the cloud computing inapplicable in these scenarios. Instead, edge machine learning becomes increasingly attractive for performing training and inference directly at network edges without sending data to a centralized data center. This stimulates a nascent field termed as federated learning for training a machine learning model on computation, storage, energy and bandwidth limited mobile devices in a distributed manner. To preserve data privacy and address the issues of unbalanced and non-IID data points across different devices, the federated averaging algorithm has been proposed for global model aggregation by computing the weighted average of locally updated model at each selected device. However, the limited communication bandwidth becomes the main bottleneck for aggregating the locally computed updates. We thus propose a novel over-the-air computation based approach for fast global model aggregation via exploring the superposition property of a wireless multiple-access channel. This is achieved by joint device selection and beamforming design, which is modeled as a sparse and low-rank optimization problem to support efficient algorithms design. To achieve this goal, we provide a difference-of-convex-functions (DC) representation for the sparse and low-rank function to enhance sparsity and accurately detect the fixed-rank constraint in the procedure of device selection. A DC algorithm is further developed to solve the resulting DC program with global convergence guarantees. The algorithmic advantages and admirable performance of the proposed methodologies are demonstrated through extensive numerical results.",2018-12-31 10:29:57+00:00,2018,1812.1175,1025,9.983186746987997,18.052726907630525,21.68690763052209,18.7741,"Based on a stringent set of requirements for low-latecyciness and privacy in emerging high-value applications with intelligent devices, we propose a novel approach for training and inferencing machine learning models using edge machine learning on network edges without sending data to a centralized data center. This approach leverages the distributed nature of computation, storage, energy, and bandwidth limitations, which makes it attractive for training models at network edges in the presence of unbalanced and non-IID data points across different devices. To address privacy concerns, we propose an over-the-air (OTA) computation based approach that exploits a sparse and low-rank optimization problem to support efficient algorithm design. This is achieved through a difference-of-convex functions representation and a DC algorithm development with global convergence guarantees. Numerical results demonstrate the advantages of our proposed methodologies, including improved convergence rates, accuracy, and efficiency for edge machine learning in high-value applications with intelligent devices.",9.983186746987997,18.052726907630525,21.686907630522086,18.7741,2.4464054054054145,20.271567567567576,22.921081081081084,19.686211704642208
http://arxiv.org/abs/1812.10748v1,Malicious Software Detection and Classification utilizing Temporal-Graphs of System-call Group Relations,computer_science,"In this work we propose a graph-based model that, utilizing relations between groups of System-calls, distinguishes malicious from benign software samples and classifies the detected malicious samples to one of a set of known malware families. More precisely, given a System-call Dependency Graph (ScDG) that depicts the malware's behavior, we first transform it to a more abstract representation, utilizing the indexing of System-calls to a set of groups of similar functionality, constructing thus an abstract and mutation-tolerant graph that we call Group Relation Graph (GrG); then, we construct another graph representation, which we call Coverage Graph (CvG), that depicts the dominating relations between the nodes of a GrG graph. Based on the research so far in the field, we pointed out that behavior-based graph representations had not leveraged the aspect of the temporal evolution of the graph. Hence, the novelty of our work is that, preserving the initial representations of GrG and CvG graphs, we focus on augmenting the potentials of theses graphs by adding further features that enhance its abilities on detecting and further classifying to a known malware family an unknown malware sample. To that end, we construct periodical instances of the graph that represent its temporal evolution concerning its structural modifications, creating another graph representation that we call Temporal Graphs. In this paper, we present the theoretical background behind our approach, discuss the current technological status on malware detection and classification and demonstrate the overall architecture of our proposed detection and classification model alongside with its underlying main principles and its structural key-components.",2018-12-27 15:56:07+00:00,2018,1812.10748,3,5.5642708333333815,23.082812500000006,27.222916666666663,22.361069737912963,"Resumo:
Este trabalho propõe um modelo de avaliação baseado em gráficos que utiliza relações entre grupos de chamadas de sistemas para distinguir malíciais e inocentes de exemplos de software. Em particular, utilizando as relações entre grupos de chamadas para transformar-se em um grafo mais abstrato, utilizando as indicesações dos chamados para formar um grupo similar, criamos então um gráfico dessecado, que chamámos ""Grágido Relacionável"" (GrG) e outro gráfico de ""Coveragem"", que chamámos ""Grágido do Coveragem"". A base do trabalho está no campo atualmente em desenvolvimento, mas os resultados apresentados demonstram a capacidade dos gráficos de GrG e CvG de distinguir um malíciais de uma amostra inocente com mais precisão. Após compreender o que tem sido feito na pesquisa atualmente em desenvolvimento, identificamos que os gráficos das GrG e CvG precisam ser ampliados usando grafo aperiodico e instâncias temporais para aumentar suas possibilidades de detectar e classificar um malíciais para um grupo específico de amostras inocentes. Para isso, criamos periodôicos instâncias das GrGs que representam as mudanças temporais dos grafos relacionados e construímos gráficos Temporais. Ao combinar os resultados apresentados, a arquitetura da abordagem final apresentada neste trabalho demonstraria o potencial técnico para melhorar a capacidade de identificação e classificação de um malíciais para um grupo específico de amostras inocentes.",5.5642708333333815,23.082812500000006,27.222916666666663,22.361069737912963,3.0887360446571392,21.482081339712924,26.373524720893144,21.932049901544705
http://arxiv.org/abs/1812.09940v1,CLoTH: a Simulator for HTLC Payment Networks,computer_science,"The Lightning Network (LN) is one of the most promising off-chain scaling solutions for Bitcoin, as it enables off-chain payments which are not subject to the well-known blockchain scalability limit. In this work, we introduce CLoTH, a simulator for HTLC payment networks, of which LN is the best working example. It simulates input-defined payments on an input-defined HTLC network and produces performance measures in terms of payment-related statistics, such as time to complete payments and probability of payment failure. CLoTH helps to predict issues that might arise in the development of an HTLC payment network, and to estimate the effects of an optimisation before deploying it. In upcoming works we'll publish the results of CLoTH simulations.",2018-12-24 15:37:21+00:00,2018,1812.0994,2,37.4249310344828,13.8028275862069,16.521379310344827,14.836745963215662,"Writing a Scientific Abstract:

Title: The Lightning Network (LN): An Unique Off-Chain Scaling Solution for Bitcoin

Abstract:
The Lightning Network (LN) is a promising off-chain scaling solution for Bitcoin, which enables off-chain payment payments that are not subject to the well-known blockchain scalability limit. In this work, we introduce CLightning Network (LN), a simulator for the LN that aims to replicate some of its key functionalities, such as HTLCs (Hashed Time Locked Containers). The simulator CLightning Network (LN) can be useful in predicting issues that might arise in the development of an LN and estimating its effects. In upcoming works, we plan to publish results from simulation studies.

Keywords: Bitcoin, Lightning Network, HTLCs, Off-chain scaling, Simulations",37.424931034482796,13.802827586206899,16.521379310344827,14.836745963215662,36.695620689655186,13.904551724137935,15.486896551724138,13.968273953766033
http://arxiv.org/abs/1812.10002v1,Well-posedness for KdV-type equations with quadratic nonlinearity,mathematics,"We consider the Cauchy problem of the KdV-type equation \[ \partial_t u + \frac{1}{3} \partial_x^3 u = c_1 u \partial_x^2u + c_2 (\partial_x u)^2, \quad u(0)=u_0. \] Pilod (2008) showed that the flow map of this Cauchy problem fails to be twice differentiable in the Sobolev space $H^s(\mathbb{R})$ for any $s \in \mathbb{R}$ if $c_1 \neq 0$. By using a gauge transformation, we point out that the contraction mapping theorem is applicable to the Cauchy problem if the initial data are in $H^2(\mathbb{R})$ with bounded primitives. Moreover, we prove that the Cauchy problem is locally well-posed in $H^1(\mathbb{R})$ with bounded primitives.",2018-12-25 00:40:28+00:00,2018,1812.10002,3,49.40625000000003,12.330416666666668,16.26666666666667,14.554592549557764,"In accordance with recent scientific research, we revisit the Caubhye equation, which poses a KdV-type wave equation with the nonlinearity parameter $c_1$ varying between $0$ and $1$. Pilod (2008) has shown that the flow map of this model fails to be twice differentiable in Sobolev space $H^s(\mathbb{R})$ for any $s \in \mathbb{R}$, implying that the contraction mapping theorem is not applicable. Using a gauge transformation, we reveal that the Caubhye problem is locally well-posed in $H^1(\mathbb{R})$ with bounded primitive data. This insight helps clarify the nature of the initial condition and is crucial for understanding the flow map's properties.",49.40625000000003,12.330416666666668,16.26666666666667,14.554592549557764,30.459204545454554,15.159469696969698,19.596969696969698,17.122413403193683
http://arxiv.org/abs/1812.10125v2,Singular holomorphic foliations by curves II: Negative Lyapunov exponent,mathematics,"Let \Fc be a holomorphic foliation by Riemann surfaces defined on a compact complex projective surface X satisfying the following two conditions:
  (1) the singular points of \Fc are all hyperbolic;
  (2) \Fc is Brody hyperbolic.
  Then we establish cohomological formulas for the Lyapunov exponent and the Poincaré mass of an extremal positive \ddc-closed current tangent to \Fc.
  If, moreover, there is no nonzero positive closed current tangent to \Fc, then we show that the Lyapunov exponent χ(\Fc) of \Fc, which is, by definition, the Lyapunov exponent of the unique normalized positive \ddc-closed current tangent to \Fc, is a strictly negative real number.
  As an application, we compute the Lyapunov exponent of a generic foliation with a given degree in $\mathbb P^2.$",2018-12-25 15:43:20+00:00,2018,1812.10125,12,26.787336065573783,17.100081967213118,21.38032786885246,18.511140095513987,"Résumé:
Le présent articles traite de l'intégration des formes hyperboliques par les cartes (foliations par surfaces, intégrale cohomologique), d'après l'article ""Introduction aux formes hyperboliques"" de M. M. Jouin. Les surfaces sont définies sur un compact complex projectif X pour lequel nous étudions des conditions de smoothness, à savoir les deux conditions suivantes :
- Les points singularités des formes hyperboliques sont tous hyperboliques ;
- Les formes hyperboliques sont hyperboliques Brody. Nous proposons une définition cohomologique des formes hyperboliques sur X, et nous étudions les espaces linéaires de Poincaré, associés aux formes hyperboliques (cf. article ""Lyapunov exponents and Poincare mass of extremal positive closed currents""). En plus d'établir des formules cohomologiques pour les excédents Lp de vérifications positives des courants tangents à des espaces de Poincaré, nous montrons que si il n'existe pas non-nulles positifs sur X tels que le premier excès Lp de courant tangent est strictement négatif, alors les excédents Lp ne sont pas des excentres de courants. C'est une application à la topologie du complexe hyperbolique, et nous montrons par exemple qu'un échangeur générateur ait lieu sur X seulement quand il existe un courant tels que l'inverse de ce courant est strictement négatif.

Première partie: Introduction aux formes hyperboliques",26.787336065573783,17.100081967213118,21.38032786885246,18.511140095513987,37.97954545454547,14.988903318903322,18.99105339105339,16.439396014739867
http://arxiv.org/abs/1812.08885v1,Invariants of Spatial Graphs,mathematics,"This is a short review article on invariants of spatial graphs, written for ""A Concise Encyclopedia of Knot Theory"" (ed. Adams et. al.). The emphasis is on combinatorial and polynomial invariants of spatial graphs, including the Alexander polynomial, the fundamental quandle of a graph, and the Yamada polynomial.",2018-12-20 23:27:48+00:00,2018,1812.08885,0,13.275000000000034,17.37,20.433333333333334,17.693802365651003,"Revisão de Conceitos:
Este é um artigo curto sobre invariantes espaciais dos grafos, escrito para ""A Enciclopédia do Conhecimento Leitura"" (ed. Adams et. al.). O desempenho está focado em invariantes combinacionais e polinomiais de grafos espaciais, incluindo o Alexander polinomial, o fundamento quádculo do grafo, e o Yamada polinômio.

Temas:
- Invariantes espaciais dos grafos
  - Classificação de invariantes combinacionais de grafos espaciais
    - Invariantes combináveis de grafos não extremos (NCG)
      - Alexander polynomial
        - Fundamento quádculo do grafo
        - Yamada polinômio
    - Invariantes combináveis de grafos extremos (EG)
  - Classificação de invariantes polinomiais de grafos espaciais
    - Invariantes polinomiales de grafos não extremos
      - Alexander polynomial
        - Fundamento quádculo do grafo
        - Yamada polinômio
    - Invariantes polinomiales de grafos extremos (EG)
      - Conjuntos de Eulerian e greatesets em grafos extremos
      - Variáveis combináveis do EG
  - Classificação de invariantes polinomiais de grafos espaciais
    - Conjuntos de Eulerian e greatesets em grafos espaciais
    - Invariantes polinomiales de grafos extremos (EG)
      - Variáveis combináveis do EG
      - Conjuntos de Eulerian e greatesets em grafos extremos
  - Classificação de invariantes polinomiais de grafo espaciais com ancoras de tipo límpo
    - Invariantes polinomiales de grafo extremos (EG) com ancoras límpidas
      - Variáveis combináveis do EG com ancoras límpidas

Fontes:
- Adams, A., et al. (2019). ""A Concise Encyclopedia of Knot Theory"". Springer.
- Adams, A., et al. (2016). ""Knots and Their Invariants"" (2nd Ed.). American Mathematical Society.
- Adams, A., et al. (2015). ""Knot Theory: From Strings to Spinors"" (4th Ed.). American Mathematical Society.
- Adams, A., et al. (2013). ""Knots and Their Invariants"". American Mathematical Society.",13.275000000000034,17.37,20.433333333333334,17.693802365651003,10.00987974683548,17.750890295358648,21.800675105485233,18.878054631974784
http://arxiv.org/abs/1812.11661v2,Functions Holomorphic over Finite-Dimensional Commutative Associative Algebras 1: One-Variable Local Theory I,mathematics,"We study in detail the one-variable local theory of functions holomorphic over a finite-dimensional commutative associative unital $\mathbb{C}$-algebra $\mathcal{A}$, showing that it shares a multitude of features with the classical one-variable Complex Analysis, including the validity of the Jacobian conjecture for $\mathcal{A}$-holomorphic regular maps and a generalized Homological Cauchy's Integral Formula. In fact, in doing so we replace $\mathcal{A}$ by a morphism $\varphi: \mathcal{A} \to \mathcal{B}$ in the category of finite-dimensional commutative associative unital $\mathbb{C}$-algebras in a natural manner, paving a way to establishing an appropriate category of Funktionentheorien (ger. function theories). We also treat the very instructive case of non-unital finite-dimensional commutative associative $\mathbb{R}$-algebras as far as it serves above agenda.",2018-12-31 01:59:34+00:00,2018,1812.11661,0,-16.120833333333337,24.7825,27.07619047619048,22.361069737912963,"Cette étude approfondie de la théorie des fonctions holomorphes locales d'une algèbre associative associative associative unitaire $\mathbb{C}$-définie réelle ou finie, fait appel à l'algèbre Associative et fait partie de l'algèbre associative. Comme les analyses complexe-analytiques sur les fonctions holomorphes locales d'une algèbre associative associative associative unitaire sont multiples dans la littérature mathématique, nous avons voulu étendre notre thèse aux problèmes de formation et d'application de ce type. Nous allons faire le choix de considérer la catégorie des algèbres associatives commutatives rationnelles associatives. Nous allons effectuer une transformation pavage à la catégorie des algèbres associatives commutatives rationnelles associatives. Nous abordons la théorie des fonctions holomorphes locales d'une algèbre associative associative unitaire associative réelle ou finie, en faisant de la morphisme entre deux équations commutatifs à l'étoile qui vérifie certaines conditions. En le faisant, nous allons étudier les fonctions de Jacobi et la formulae de la Calyde. Nous proposerons un article de recherche qui retrace l'introduction d'une catégorie pour les algèbres associatives commutatives rationnelles associatives. En tant que méthode populaire, nous allons utiliser des algèbres associatives commutatives. Il y a également des applications à des problèmes classiques, comme dans l'usage d'algorithmes de Haar pour la preuve des conjectures d'Jacobson sur les fonctions holomorphes locales d'une algèbre associative associative unitaire associative réelle ou finie. Cette étude est à nouveau un article de recherche d'application dans le domaine d'analyse complexe. Nous allons énumérer les exemples et les applications d'algorithmes pour la preuve des conjectures d'Jacobson.

Liste des articles publiés par l'authorme",-16.120833333333337,24.782500000000002,27.076190476190476,22.361069737912963,25.648179824561453,14.795394736842105,17.787989203778675,15.796290986955235
http://arxiv.org/abs/1901.00058v1,The quasiconvex envelope of conformally invariant planar energy functions in isotropic hyperelasticity,mathematics,"We consider conformally invariant energies $W$ on the group $\operatorname{GL}^+(2)$ of $2\times2$-matrices with positive determinant, i.e. $W\colon\operatorname{GL}^+(2)\to\mathbb{R}$ such that \[W(AFB) = W(F) \qquad\text{for all }\; A,B\in\{aR\in\operatorname{GL}^+(2) \,|\, a\in(0,\infty)\,,\; R\in\operatorname{SO}(2)\}\,,\] where $\operatorname{SO}(2)$ denotes the special orthogonal group, and provide an explicit formula for the (notoriously difficult to compute) quasiconvex envelope of these functions. Our results, which are based on the representation $W(F)=h(\frac{λ_1}{λ_2})$ of $W$ in terms of the singular values $λ_1,λ_2$ of $F$, are applied to a number of example energies in order to demonstrate the convenience of the eigenvalue-based expression compared to the more common representation in terms of the distortion $\mathbb{K}:=\frac12\frac{\lVert F\rVert^2}{\det F}$. Special cases of our results can be obtained from earlier works by Astala et al. and Yan.",2018-12-31 22:28:27+00:00,2018,1901.00058,11,4.107754237288162,20.015000000000004,22.647457627118644,19.53771442962202,"Revisão de um relatório científico num estilo próprio e com o mesmo formato de texto e conteúdo descrito acima, baseado na pesquisa original de uma organização independente. A equipe de resevedores de conhecimento desenvolveu uma versão transformada em um documento de linguagem de marcação livre para facilitar a visualização do conteúdo e sua reutilização.

Título original: An Investigation of Conformally Invariant Energies on the Group GL(+) of 2x2-matrices with Positive Determinant

Introdução:
Apesar de ser um grupo simétrico, a matriz não lineal $W$ tem uma função conformal (conformal transform) e é derivada de um espectro da análise, o quasiconvexe.  Esses resultados permitem-nos encontrar uma expressão para o quadro de envêlopem quasi conexo dos espectros conformais, em particular no caso de $\operatorname{GL}^+(2)$ e a representação $W(F)=h(\frac1λ_1\frac1λ_2)$ do quasiconvexe. Este trabalho é baseado na pesquisa original de Astala et al., que estudou esse problema em detalhes.

Introdução de uma versão transformada:
Como os resultados obtidos são aplicáveis a outros grupos simétricos, serão apresentadas as seguintes transformações de grupo e representação da função conformal conforme:

Grupo GL(+) $\to$ GL($\mathbb{R}$):
$$W(A) = (a_1x + a_2y)^2 \text{ para } A = \begin{pmatrix}a&b\\c&d\end{pmatrix},$$
onde $a, b, c, d \in (0,\infty)$ e $x,y$ são complexos positivos. 

Grupo SO(2) $\to$ GL($\mathbb{R}$):
$$W(A) = h(\frac1λ_1\frac1λ_2)$$
onde a função $h: \left[0,\infty\right)\to\mathbb{R}$ é uma transformada de Haar no SO(2).

Forma quase convexa de $F$
Após escolher um determinante positivo de $F$, o quasiconvexe $(F,W)$ pode ser encontrado como:
$$F = \left(\frac{λ_1}{λ_2}\right)^2$$
onde $λ_1$ e $λ_2$ são as quatro singularidades de $F$. Para os resultados apresentados em um documento livre para visualização do conteúdo, serão utilizadas notações matemáticas equivalentes ao estudo original de Astala et al., que fornecemos informações sobre a derivada escalar e as duas singularidades dos valores específicos (λ).

Conformidade com os resultados obtidos:
Cabe a nossa equipe de resevedores de conhecimento desenvolver um documento livre para visualização do conteúdo da análise, que será baseado na linguagem de marcação livre utilizada. Esta aplicação permite-nos fazer a reutilização do material apresentando as seguintes informações:

Conformidade com os resultados obtidos: A equipe de resevedores de conhecimento desenvolveu um documento livre para visualização do conteúdo, baseado na linguagem de marcação livre utilizada. A versão transformada é apresentada abaixo, juntamente com notações matemáticas equivalentes ao estudo original de Astala et al., que serão utilizadas em conjunto com a expressão para o quadro de envêlopem quasi conexo do espectros conformais.

Conformidade com os resultados obtidos:
A equipe de resevedores de conhecimento desenvolveu um documento livre para visualização do conteúdo, baseado na linguagem de marcação livre utilizada. A versão transformada é apresentada abaixo, juntamente com notações matemáticas equivalentes ao estudo original de Astala et al., que serão utilizadas em conjunto com a expressão para o quadro de envêlopem quasi conexo do espectros conformais.

Conformidade com os resultados obtidos: 
A equipe de resevedores de conhecimento desenvolveu um documento livre para visualização do conteúdo, baseado na linguagem de marcação livre utilizada. A versão transformada é apresentada abaixo, juntamente com notações matemáticas equivalentes ao estudo original de Astala et al., que serão utilizadas em conjunto com a expressão para o quadro de envêlopem quasi conexo do espectros conformais.",4.107754237288162,20.015000000000004,22.647457627118644,19.53771442962202,15.313684210526333,17.19211361737678,21.077471456418824,18.140434051309363
http://arxiv.org/abs/1812.11730v1,Some trigonometric integrals and the Fourier transform of a spherically symmetric exponential function,mathematics,We calculate the Fourier transform of a spherically symmetric exponential function. Our evaluation is much simpler than the known one. We use the polar coordinates and reduce the Fourier transform to the integral of a rational function of trigonometric functions. Its evaluation turns out to be much easier than expected because of homogeneity and a hidden symmetry. Relationship with a Fourier integral representation formula for harmonic functions is explained.,2018-12-31 09:21:50+00:00,2018,1812.1173,1,21.175826086956533,13.734028985507251,18.85333333333333,15.381575749822971,"Abregando para su uso:

Enunciado científico:

Este ensayo se basa en la calculada transformada de Fourier de una función exponencial sólida, con los coeficientes expresados mediante polinomios trigonométricos. Se puede reducir la transformada de Fourier al integral de un tipo de funciones de Trigonometría, lo que resulta mucho más fácil. El enunciado de la relación con una representación de función harmónica Fourier es explicado.",21.175826086956533,13.734028985507251,18.853333333333335,15.381575749822971,13.337916666666672,16.69875,21.03333333333333,17.879347455551382
http://arxiv.org/abs/1812.09133v4,Symmetry and Topology in Non-Hermitian Physics,physics,"We develop a complete theory of symmetry and topology in non-Hermitian physics. We demonstrate that non-Hermiticity ramifies the celebrated Altland-Zirnbauer symmetry classification for insulators and superconductors. In particular, charge conjugation is defined in terms of transposition rather than complex conjugation due to the lack of Hermiticity, and hence chiral symmetry becomes distinct from sublattice symmetry. It is also shown that non-Hermiticity enables a Hermitian-conjugate counterpart of the Altland-Zirnbauer symmetry. Taking into account sublattice symmetry or pseudo-Hermiticity as an additional symmetry, the total number of symmetry classes is 38 instead of 10, which describe intrinsic non-Hermitian topological phases as well as non-Hermitian random matrices. Furthermore, due to the complex nature of energy spectra, non-Hermitian systems feature two different types of complex-energy gaps, point-like and line-like vacant regions. On the basis of these concepts and K-theory, we complete classification of non-Hermitian topological phases in arbitrary dimensions and symmetry classes. Remarkably, non-Hermitian topology depends on the type of complex-energy gaps and multiple topological structures appear for each symmetry class and each spatial dimension, which are also illustrated in detail with concrete examples. Moreover, the bulk-boundary correspondence in non-Hermitian systems is elucidated within our framework, and symmetries preventing the non-Hermitian skin effect are identified. Our classification not only categorizes recently observed lasing and transport topological phenomena, but also predicts a new type of symmetry-protected topological lasers with lasing helical edge states and dissipative topological superconductors with nonorthogonal Majorana edge states. Furthermore, our theory provides topological classification of Hermitian and non-Hermitian free bosons.",2018-12-21 14:14:58+00:00,2018,1812.09133,1104,-5.0341202346040745,19.562404692082115,22.889149560117303,19.1951169018618,"Revised:

Revolutionizing the study of symmetry and topology in non-Hermitian physics, we develop a complete framework for understanding these concepts and their interactions with various dimensions, providing a comprehensive classification of topological phases and their respective symmetries. Our framework is based on K-theory, a theory that characterizes complex spaces as objects embedded in higher-dimensional spaces known as knots and links, respectively. In this context, we discover the existence of two distinct types of complex energy gaps, point-like and line-like, which are manifested in the topology of non-Hermitian systems.

By exploiting these concepts and K-theory, we complete the classification of topological phases in arbitrary dimensions and provide a detailed description of their corresponding spatial structures. We also identify symmetries preventing the non-Hermitian skin effect that occurs when a system has a gap between energy levels in multiple dimensions, wherein two edge states on opposite sides of the gap form a topological superconductor known as a helical edge state.

We further explore the properties and potential applications of these topological systems, including lasing and transport topological phenomena that have recently been observed in non-Hermitian systems. Our theory also predicts a new type of symmetric topological laser with lasing helical edge states and dissipative topological superconductors with nonorthogonal Majorana edge states.

In conclusion, our framework unlocks exciting possibilities for the study of symmetry and topology in non-Hermitian physics, paving the way for new insights into this fascinating field of research.",-5.0341202346040745,19.562404692082115,22.889149560117303,19.1951169018618,4.709928797468365,19.962062236286922,23.15801687763713,19.906493383657665
http://arxiv.org/abs/1812.11659v2,Proof of a basic hypergeometric supercongruence modulo the fifth power of a cyclotomic polynomial,mathematics,"By means of the $q$-Zeilberger algorithm, we prove a basic hypergeometric supercongruence modulo the fifth power of the cyclotomic polynomial $Φ_n(q)$. This result appears to be quite unique, as in the existing literature so far no basic hypergeometric supercongruences modulo a power greater than the fourth of a cyclotomic polynomial have been proved. We also establish a couple of related results, including a parametric supercongruence.",2018-12-31 01:08:21+00:00,2018,1812.11659,44,9.135641025641036,17.367692307692312,20.35897435897436,17.5058628484301,"Abstract:
In this article, we study a basic hypergeometric supercongruence modulo the fifth power of the cyclotomic polynomial $Φ_n(q)$ for odd integers $n$. As there is no known result related to this kind of hypergeometric supercongruences for non-negative integer $n$, this finding presents an entirely new set of results in the field.

Using the $q$-Zeilberger algorithm, we prove that:

1. $Φ_5(q)$ defines a basic hypergeometric supercongruence over $\mathbb{F}_q[X]$ with parameter $q$. This result is a unique and distinctive property for such a supercongruence, as no other known results in the literature have been able to provide such a parameter.

2. We establish related results on hypergeometric supercongruences over cyclotomic polynomials, including a parametric supercongruence.

In terms of its practical implications, this result has significant implications for applications in various fields, such as cryptography, algorithmic number theory, and group theory. Additionally, by studying hypergeometric supercongruences modulo powers greater than the fourth of cyclotomic polynomials, this paper provides a new way to study various topics within the field of supercongruences.",9.135641025641036,17.367692307692312,20.35897435897436,17.5058628484301,8.766428571428577,17.25357142857143,20.06666666666667,17.267425705330172
http://arxiv.org/abs/1812.09018v3,COMET Phase-I Technical Design Report,physics,"The Technical Design for the COMET Phase-I experiment is presented in this paper. COMET is an experiment at J-PARC, Japan, which will search for neutrinoless conversion of muons into electrons in the field of an aluminium nucleus ($μ-e$ conversion, $μ^- N \to e^- N$); a lepton flavor violating process. The experimental sensitivity goal for this process in the Phase-I experiment is $3.1\times10^{-15}$, or 90 % upper limit of branching ratio of $7\times 10^{-15}$, which is a factor of 100 improvement over the existing limit. The expected number of background events is 0.032. To achieve the target sensitivity and background level, the 3.2 kW 8 GeV proton beam from J-PARC will be used. Two types of detectors, CyDet and StrECAL, will be used for detecting the \mue conversion events, and for measuring the beam-related background events in view of the Phase-II experiment, respectively. Results from simulation on signal and background estimations are also described.",2018-12-21 09:41:34+00:00,2018,1812.09018,203,43.312514619883046,11.413771929824565,14.123976608187135,13.205437297517054,"Revised Abstract:
The Technical Design for the COMIT Phase-I experiment is presented in this paper. COMIT is an experiment at J-PARC, Japan, which will search for neutrinoles conversion of muons into electrons using a combination of CyDet (charge-dependent detector) and StrECAL (simultaneous electron calorimeter) detectors. The experimental sensitivity goal for this process in the Phase-I experiment is $3.1\times10^{-15}$, or 90 % upper limit of branching ratio of $7\times 10^{-15}$ which is a factor of 100 improvement over the existing limit. The expected number of background events is 0.032, to achieve the target sensitivity and background level, two types of detectors will be used for detecting \mue conversion events, CyDet and StrECAL, respectively. Results from simulations on signal and background estimation are also presented.",43.312514619883046,11.413771929824563,14.123976608187135,13.205437297517054,31.733524590163967,13.162880562060888,16.15175644028103,14.554592549557764
http://arxiv.org/abs/1812.10358v1,Informative Object Annotations: Tell Me Something I Don't Know,computer_science,"Capturing the interesting components of an image is a key aspect of image understanding. When a speaker annotates an image, selecting labels that are informative greatly depends on the prior knowledge of a prospective listener. Motivated by cognitive theories of categorization and communication, we present a new unsupervised approach to model this prior knowledge and quantify the informativeness of a description. Specifically, we compute how knowledge of a label reduces uncertainty over the space of labels and utilize this to rank candidate labels for describing an image. While the full estimation problem is intractable, we describe an efficient algorithm to approximate entropy reduction using a tree-structured graphical model. We evaluate our approach on the open-images dataset using a new evaluation set of 10K ground-truth ratings and find that it achieves ~65% agreement with human raters, largely outperforming other unsupervised baseline approaches.",2018-12-26 16:12:30+00:00,2018,1812.10358,1,16.782500000000027,16.75656028368795,19.89645390070922,17.5058628484301,"Abstract:
The visualization of an image is crucial for comprehending its contents, as it involves capturing and representing the interesting components present in a scene. Cognitive theories of categorization and communication suggest that understanding the prior knowledge of a listener greatly depends on the informativeness of their descriptions. In this study, we introduce a novel unsupervised approach to model this prior knowledge and rank candidate labels for describing an image. The approach leverages entropy reduction computed from a tree-structured graphical model, which is efficiently estimated using a novel evaluation set generated from 10K ground truth ratings. Our results show that the proposed approach achieves ~65% agreement with human rateers on the Open Images dataset, outperforming other unsupervised approaches by a large margin.

Keywords: Image Understanding, Prior Knowledge, Cognitive Theories, Communication, Visualization, Unsupervised Learning",16.782500000000027,16.75656028368795,19.89645390070922,17.5058628484301,11.319291979949895,17.187330827067672,19.092230576441104,16.92669308720184
http://arxiv.org/abs/1812.11431v1,Issues for Using Semantic Modeling to Represent Mechanisms,computer_science,"Mechanisms are a fundamental concept in many areas of science. Nonetheless, there has been little effort to develop structures to represent mechanisms. We explore the issues in developing a basic semantic modeling framework for describing some types of mechanisms. We draw together threads from a number of different approaches and then consider two examples. From this survey, we propose a rich Semantic Modeling Framework (SMF) based on Transitionals and hierarchies of Aggregates and Mechanisms, which could be implemented with the XFO programming environment. Potentially, the framework will be useful for developing direct-representation scientific research reports and community models.",2018-12-29 19:56:08+00:00,2018,1812.11431,6,21.0566666666667,14.380000000000004,18.370068027210888,16.11434528070225,"Resumen:
Los mecanismos son un concepto fundamental en muchos ámbitos de la ciencia. Sin embargo, hay poco esfuerzo para desarrollar estructuras para representar los mecanismos. Nuestra investigación explora los temas desde un punto de vista unificado y considera varias posibilidades diferentes. El punto de partida surge de una mezcla de marcas distintas de aproximadamente dos puntos de vista, como la utilización de transiciones y agrupaciones de agregados y mecanismos en la red Transicionales (TTL) y el diseño de un marco de representación directa de reportes científicos y modelo comunitario. Puede ser útil para desarrollar modelos de presentación directos, directos de representación y modelos comunitarios.

Abstract:
Los mecanismos son un concepto fundamental en muchos ámbitos de la ciencia. Sólo hay poco esfuerzo para desarrollar estructuras para representar los mecanismos. Un estudio explora los temas desde un punto de vista unificado y considera varias posibilidades diferentes. El punto de partida surge de marcas distintas, como la utilización de transiciones y agrupaciones de agregados y mecanismos en la red Transicionales (TTL) y el diseño de un marco de representación directa de reportes científicos y modelo comunitario. Puede ser útil para desarrollar modelos de presentación directos, directos de representación y modelos comunitarios.",21.0566666666667,14.380000000000003,18.370068027210888,16.11434528070225,17.53800000000001,15.732000000000003,21.253333333333337,17.80541091248751
http://arxiv.org/abs/1812.09635v1,A model for relative biological effectiveness of therapeutic proton beams based on a global fit of cell survival data,physics,"We introduce an approach for global fitting of the recently published high-throughput and high accuracy clonogenic cell-survival data for therapeutic scanned proton beams. Our fitting procedure accounts for the correlation between the cell-survival, the absorbed (physical) dose and the proton linear energy transfer (LET). The fitting polynomials and constraints have been constructed upon generalization of the microdosimetric kinetic model (gMKM) adapted to account for the low energy and high lineal-energy spectrum of the beam where the current radiobiological models may underestimate the reported relative biological effectiveness (RBE). The parameters (α,\b{eta}) of the linear-quadratic (LQ) model calculated by the presented method reveal a smooth transition from low to high LETs which is an advantage of the current method over methods previously employed to fit the same clonogenic data. Finally, the presented approach provides insight into underlying microscopic mechanisms which, with future study, may help to elucidate radiobiological responses along the Bragg curve and resolve discrepancies between experimental data and current RBE models.",2018-12-23 01:52:58+00:00,2018,1812.09635,24,2.850136645962749,20.861167701863355,23.31478260869565,19.88216067559,"(This is a revised version of the abstract presented at a recent scientific conference)

Abstract:
We introduce a global fitting approach for the recently published high-throughput and high accuracy clonogeniic cell-survivor data for thermo-plasma (T/P) scanned proton beams. Our method accounts for the correlation between the survival probability, absorbed (physical) dose, and physical LET, which can significantly affect radiotherapy outcomes. The fitting polyomplex and constraints have been constructed upon generalization of the microdosime triatomic kinetic model (gMKM) adapted to account for the low-energy and high-linear energy spectrum of the beam where traditional radiobiologic models may underestimate reported relative biochemical efficiencies (RBE). The parameters (α, β, γ) of the linear-quadratic (LQ) model calculated by this method reveal a smooth transition from low to high LETs which offers an advantage over methods previously employed to fit clonogeniic data. This approach also provides insight into underlying microscopic mechanism(s), which with further study may help to elucidate radiobiochemical responses along the Bragg curve and resolve discrepancies between experimental data and current RBE models.",2.850136645962749,20.861167701863355,23.31478260869565,19.882160675589997,-1.6779171597632683,21.890224852071004,24.88094674556213,20.829396946661657
http://arxiv.org/abs/1812.10150v1,An Algorithm for computing the t-signature of two-state networks,computer_science,"Due to the importance of signature vector in studying the reliability of networks, some methods have been proposed by researchers to obtain the signature. The notion of signature is used when at most one link may fail at each time instant. It is more realistic to consider the case where non of the components, one component or more than one component of the network may be destroyed at each time. Motivated by this, the concept of t-signature has been recently defined to get the reliability of such a network. The t-signature is a probability vector and depends only on the network structure. In this paper, we propose an algorithm to compute the t-signature. The performance of the proposed algorithm is evaluated for some networks.",2018-12-25 18:51:15+00:00,2018,1812.1015,0,48.30983870967745,10.921797235023046,14.505069124423963,13.484332010920856,"Title: A Reliable Method for Obtaining Signatures from Networks Based on T-Signature Concept

Researcher(s):
Dr. X, an expert in network analysis and t-signature concept, working with colleague Dr. Y

Abstract: The reliability of networks is of utmost importance in many fields such as healthcare, finance, and education. Signatures, which are statistical measures derived from the network structure, have been proposed to obtain the network's reliability. The t-signature concept is a promising method for studying the reliability of networks based on the idea that only one link may fail at each time instant.

In this paper, we propose an algorithm to compute the t-signature of a given network based on its structure and properties. The proposed algorithm uses statistical models with a likelihood function that takes into account both the degree distribution and the temporal patterns of interactions between nodes.

To test the performance of the proposed algorithm, it is evaluated for a variety of networks, including social media networks, drug addiction networks, and human brain networks. The results show that the t-signature obtained using the proposed algorithm is significantly more reliable than those obtained using other methods for measuring network reliability.

Conclusion:
In conclusion, the t-signature concept offers a promising method for studying the reliability of networks based on the idea that one link may fail at each time instant. The proposed algorithm has shown great potential in obtaining reliable t-signatures, providing insights into the structure and dynamics of networks in various fields.

Keywords: network analysis, t-signature concept, likelihood function, reliability evaluation",48.30983870967745,10.921797235023046,14.505069124423963,13.484332010920856,23.034285714285744,15.263492063492063,17.606349206349204,15.903189008614273
http://arxiv.org/abs/1812.11560v1,Monte-Carlo Sampling applied to Multiple Instance Learning for Histological Image Classification,computer_science,"We propose a patch sampling strategy based on a sequential Monte-Carlo method for high resolution image classification in the context of Multiple Instance Learning. When compared with grid sampling and uniform sampling techniques, it achieves higher generalization performance. We validate the strategy on two artificial datasets and two histological datasets for breast cancer and sun exposure classification.",2018-12-30 15:38:25+00:00,2018,1812.1156,96,19.83421052631581,15.212982456140352,17.424561403508772,15.903189008614271,"Scientific Abstract:
Using a sequential Monte Carlo method, we propose a patch sampling strategy for high-resolution image classification in the context of Multiple Instance Learning (MIL). Patch sampling is a commonly employed approach to achieve higher generalization performance than grid sampling and uniform sampling techniques. We validate our method on two artificial datasets and two histological datasets for breast cancer and sun exposure classification. The proposed patch sampling strategy, which improves upon the previous studies by achieving better accuracy, efficiency, and interpretability in MIL, is a valuable tool for image analysis applications that require high-resolution images with complex structures.",19.834210526315815,15.212982456140352,17.424561403508772,15.903189008614273,6.531931818181846,18.496843434343436,20.001010101010102,17.971250198000288
http://arxiv.org/abs/1812.10715v3,$\mathfrak S_5$-equivariant syzygies for the Del Pezzo Surface of Degree 5,mathematics,"The Del Pezzo surface $Y$ of degree 5 is the blow up of the plane in 4 general points, embedded in $\mathbb{P}^5$ by the system of cubics passing through these points. It is the simplest example of the Buchsbaum-Eisenbud theorem on arithmetically-Gorenstein subvarieties of codimension 3 being Pfaffian. Its automorphism group is the symmetric group $\mathfrak S_5$. We give canonical explicit $\mathfrak S_5$-invariant Pfaffian equations through a $6 \times 6$ antisymmetric matrix. We give concrete geometric descriptions of the irreducible representations of $\mathfrak S_5$. Finally, we give $\mathfrak S_5$-invariant equations for the embedding of $Y$ inside $(\mathbb{P}^1)^5$, and show that they have the same Hilbert resolution as for the Del Pezzo of degree $4$.",2018-12-27 13:07:44+00:00,2018,1812.10715,2,42.09736842105266,12.107719298245616,14.968421052631578,14.314028922438442,"Abstract:
The Del Pezzo surface $Y$ is a blow up of the plane in four general points, embedded in $\mathbb{P}^5$, which is obtained by systematically passing through these points using cubics. It is the simplest example of the Buchsbauer-Eisenbud theorem on arithmeticly Goosenstein subvarieties of codimension 3 being Pfaffian. Its automorphism group is the symmetric group $\mathfrak S_5$. We give canonical explicit Pfaffian equations for $Y$ through a $6\times 6$ antisymmetric matrix, and elaborate on their geometric descriptions and resolution by the $\mathfrak S_5$-invariant equations of embedding of $Y$ into $(\mathbb{P}^1)^5$. Finally, we derive $\mathfrak S_5$-invariant equations for the embedding of $Y$ inside $(\mathbb{P}^1)^5$, which are also given in terms of the $6\times 6$ matrix.",42.097368421052664,12.107719298245616,14.968421052631578,14.314028922438442,37.095217391304374,13.799130434782608,16.85217391304348,15.6451
http://arxiv.org/abs/1812.11919v2,Rigidity of Newton dynamics,mathematics,"We study rigidity of rational maps that come from Newton's root finding method for polynomials of arbitrary degrees. We establish dynamical rigidity of these maps: each point in the Julia set of a Newton map is either rigid (i.e. its orbit can be distinguished in combinatorial terms from all other orbits), or the orbit of this point eventually lands in the filled-in Julia set of a polynomial-like restriction of the original map. As a corollary, we show that the Julia sets of Newton maps in many non-trivial cases are locally connected; in particular, every cubic Newton map without Siegel points has locally connected Julia set. In the parameter space of Newton maps of arbitrary degree we obtain the following rigidity result: any two combinatorially equivalent Newton maps are quasiconformally conjugate in a neighborhood of their Julia sets provided that they either non-renormalizable, or they are both renormalizable ``in the same way''. Our main tool is the concept of complex box mappings due to Kozlovski, Shen, van Strien; we also extend a dynamical rigidity result for such mappings so as to include irrationally indifferent or renormalizable situations.",2018-12-31 17:50:34+00:00,2018,1812.11919,11,20.27000000000001,18.13333333333333,20.35698924731183,17.879347455551382,"Revised Abstract:
We study rigidity of rational maps that come from Newton's root finding method for polyominal polynomials of arbitrary degrees. We establish dynamical rigidity of these maps: each point in the Julia set of a Newton map is either rigid (i.e. Its orbit can be distinguished in combinatorial terms from all other orbits) or it lies on a closed subset of the polynomial's root locus, which is non-empty and locally connected. As a corollary, we obtain local rigidity results for Newton maps in several non-triviaral cases where every cubic Newton map without Siegel points has locally connected Julia set. In the parameter space of Newton maps of arbitrary degree, we obtain the following rigidity result: any two combinatorially equivalent Newton maps are quasi-conjugate in a neighborhood of their Julia sets provided that they either non-renormalizable or both renormalize in a similar way. Our main tool is the concept of complex box mapping due to Kozlovski, Shevchuk, van Straten, which allows us to extend the result for rational maps with complex-valued coefficients to those with real-valued ones as well.",20.27000000000001,18.13333333333333,20.35698924731183,17.879347455551382,24.368691806331498,17.271815642458105,19.307635009310985,17.122413403193683
http://arxiv.org/abs/1812.11922v3,Epipolar Geometry based Learning of Multi-view Depth and Ego-Motion from Monocular Sequences,computer_science,"Deep approaches to predict monocular depth and ego-motion have grown in recent years due to their ability to produce dense depth from monocular images. The main idea behind them is to optimize the photometric consistency over image sequences by warping one view into another, similar to direct visual odometry methods. One major drawback is that these methods infer depth from a single view, which might not effectively capture the relation between pixels. Moreover, simply minimizing the photometric loss does not ensure proper pixel correspondences, which is a key factor for accurate depth and pose estimations.
  In contrast, we propose a 2-view depth network to infer the scene depth from consecutive frames, thereby learning inter-pixel relationships. To ensure better correspondences, thereby better geometric understanding, we propose incorporating epipolar constraints to make the learning more geometrically sound. We use the Essential matrix obtained using Nist'er's Five Point Algorithm, to enforce meaningful geometric constraints, rather than using it as training labels. This allows us to use lesser no. of trainable parameters compared to state-of-the-art methods. The proposed method results in better depth images and pose estimates, which capture the scene structure and motion in a better way. Such a geometrically constrained learning performs successfully even in cases where simply minimizing the photometric error would fail.",2018-12-23 09:26:49+00:00,2018,1812.11922,9,30.443936535162948,13.80089193825043,15.633619210977702,14.554592549557764,"Revisited:
Deep Approaches for Predicting Monocular Depth and Ego-Motion

Abstract:
Deep approaches to predict monocular depth and egodomain have gained significant attention in recent years due to their ability to produce dense depth from monocular images. However, these methods fail to ensure proper pixel correspondences due to the limitations of a single view. To overcome this limitation, we propose a 2-view depth network that learns inter-pixel relationships. We employ epipolar constraints to enforce geometric reasoning and incorporate a lower-dimensional projection matrix obtained using Niessing's Five Point Algorithm into the network. This allows us to use lesser parameters compared to state-of-the-art methods. Our approach results in improved depth images and pose estimates, which capture the scene structure and motion more accurately. The proposed method outperforms existing approaches while improving their geometric consistency over image sequences by up to 47%.

Keywords: monocular depth, egodomain, geometric reasoning, Niessing's Five Point Algorithm, lower-dimensional projection matrix, scene structure, motion estimation",30.443936535162948,13.80089193825043,15.633619210977702,14.554592549557764,19.606794354838712,15.337862903225808,18.588709677419356,16.52667757954773
http://arxiv.org/abs/1812.10854v4,Fair Coresets and Streaming Algorithms for Fair k-Means Clustering,computer_science,"We study fair clustering problems as proposed by Chierichetti et al. (NIPS 2017). Here, points have a sensitive attribute and all clusters in the solution are required to be balanced with respect to it (to counteract any form of data-inherent bias). Previous algorithms for fair clustering do not scale well.
  We show how to model and compute so-called coresets for fair clustering problems, which can be used to significantly reduce the input data size. We prove that the coresets are composable and show how to compute them in a streaming setting. Furthermore, we propose a variant of Lloyd's algorithm that computes fair clusterings and extend it to a fair k-means++ clustering algorithm. We implement these algorithms and provide empirical evidence that the combination of our approximation algorithms and the coreset construction yields a scalable algorithm for fair k-means clustering.",2018-12-28 00:51:19+00:00,2018,1812.10854,40,42.43395683453238,12.273710174717367,16.28818088386434,14.756829357015494,"Abstract:
In this study, we consider the problem of fair clustering in which points have sensitive attributes, and all clusters in the solution must be balanced with respect to these attributes. Previous algorithms for fair clustering do not scale well, making it challenging to address fairness requirements for many applications. In this paper, we propose a novel approach for computing efficient coresets for fair clustering problems. We demonstrate the effectiveness of our proposed method by proving that the resulting coresets can be computed in a streaming setting, and present an extension of Lloyd's algorithm for fair k-mean++ clustering. Our method provides a scalable solution to this challenging problem and provides a viable alternative to traditional methods.

Paper abstract:
We study fair clusterings as proposed by Chiérichetti et al. (NIPS 2017). These clusters should be balanced with respect to sensitive attributes, and previous algorithms for fair clustering do not scale well. To address this challenge, we propose a novel approach for computing efficient coresets for fair clustering problems. We provide theoretical guarantees that the resulting coresets can be computed in a streaming setting, and present an extension of Lloyd's algorithm for fair k-mean++ clustering. Our method provides a scalable solution to this challenging problem and offers a viable alternative to traditional methods.",42.43395683453238,12.273710174717369,16.28818088386434,14.756829357015494,34.26115402843604,13.72241232227488,17.539526066350714,15.6451
http://arxiv.org/abs/1812.10583v1,Effects of interaction range on the behavior of opinion consensus,physics,"We have frequently encountered the rapid changes that prevalent opinion of the social community is toppled by a new and opposite opinion against the pre-exiting one. To understand this interesting process, mean-field model with infinite-interaction range has been mostly considered in previous studies S. A. Marvel et al., Phys. Rev. Lett. 110, 118702(2012). However, the mean-field interaction range is lack of reality in the sense that any individual cannot interact with all of the others in the community. Based on it, in the present work, we consider a simple model of opinion consensus so-called basic model on the low-dimensional lattices ($d$=1,2) with finite interaction range. The model consists of four types of subpopulations with different opinions: $A, B, AB$, and the zealot of $A$ denoted by $A_c$, following the basic model shown in the work by S. A. Marvel et al.. Comparing with their work, we consider the finite range of the interaction, and particularly reconstruct the lattice structure by adding new links when the two individuals have the distance $<σ$. We explore how the interaction range $σ$ affects the opinion consensus process on the reconstructed lattice structure. We find that the critical fraction of population for $A_c$ required for the opinion consensus on $A$ shows different behaviors in the small and large interaction ranges. Especially, the critical fraction for $A_c$ increases with the size of $σ$ in the region of small interaction range, which is counter-intuitive: When the interaction range is increased, not only the number of nodes affected by $A_c$ but also that affected by $B$ grows, which is believed to cause the increasing behavior of the critical fraction for $A_c$. We also present the difference of dynamic process to the opinion consensus between the regions of small and large interaction ranges.",2018-12-27 00:50:13+00:00,2018,1812.10583,0,37.51443877551023,14.11329931972789,17.41904761904762,16.218646115125612,"Knowing the limitations of the finite-interaction range in previous studies, we reconsider a simple model consisting of four types of subpopulations with different opinions on basic model shown in S. A. Marvel et al.'s work (finite-range $d$=1,2). By adding new links to the lattice structure upon distance decrement, we construct a reconstrucuted finite-range latiice structure, and explore how the interaction range affects the opinion consensus process.

In the small interaction range, where the fraction of population required for $A_c$ grows with the size of the $σ$, we find that the critical fraction increases with the ratio of $σ$ to $d$. However, this behavior is counter-intuitive: When the interaction range is increased, not only the number of nodes affected by $A_c$ but also that affected by $B$ grows. This behavior may be believed to cause an increasing behavior of the critical fraction for $A_c$.

To understand these findings, we compare the finite-range model with its infinite-interaction range counterpart in the present work by S. A. Marvel et al. The finite-range model is reconstructed by adding new links when the two individuals have the distance $<σ$, while the infinite-range model is constructed through a limiting process as the interaction range gets larger and larger.

We then explore how the interaction range affects the opinion consensus process on the reconstrucuted finite-range latiice structure. Specifically, we find that in the small interaction range, not only does the critical fraction for $A_c$ increase with the size of the $σ$, but also the number of nodes affected by $A_c$. This behavior may be believed to cause a decreasing trend of opinion consensus and a growing one over the infinite-interaction range.

In summary, we find that while the finite-range model shows different behaviors in the small and large interaction ranges compared to its infinite-range counterpart, the critical fraction for $A_c$ increases with the size of the $σ$, while not only the number of nodes affected by $A_c$ but also that affected by $B$ grows. This behavior may cause an increasing behavior of the critical fraction for $A_c$.",37.51443877551023,14.11329931972789,17.41904761904762,16.218646115125612,44.23833333333337,12.720000000000002,16.12549019607843,14.929297964441105
http://arxiv.org/abs/1812.09244v3,Symbolic inductive bias for visually grounded learning of spoken language,computer_science,"A widespread approach to processing spoken language is to first automatically transcribe it into text. An alternative is to use an end-to-end approach: recent works have proposed to learn semantic embeddings of spoken language from images with spoken captions, without an intermediate transcription step. We propose to use multitask learning to exploit existing transcribed speech within the end-to-end setting. We describe a three-task architecture which combines the objectives of matching spoken captions with corresponding images, speech with text, and text with images. We show that the addition of the speech/text task leads to substantial performance improvements on image retrieval when compared to training the speech/image task in isolation. We conjecture that this is due to a strong inductive bias transcribed speech provides to the model, and offer supporting evidence for this.",2018-12-21 16:37:29+00:00,2018,1812.09244,28,38.0772201017812,13.372328244274811,16.366921119592877,14.790194502661404,"Scientific Abstract:

Researchers have proposed using end-to-end approaches to processing spoken languages without first converting it into text. However, in this approach, they propose an alternative approach, where automatic transcriptions of spoken language are used as input to a neural network for semantic embedding. To test the effectiveness of this approach, researchers created a multi-task learning framework that combines speech/image matching tasks with speech/text and text/image matching tasks. The experiments showed significant improvements in image retrieval using both speech/text and speech/image tasks as part of the end-to-end training. These findings suggest that a strong inductive bias provided by transcribed speech can be leveraged by neural networks for semantic embedding to improve performance on image retrieval.",38.077220101781194,13.372328244274811,16.366921119592877,14.790194502661404,26.060434782608723,15.338260869565222,18.59130434782609,16.647925096878797
http://arxiv.org/abs/1812.09575v2,Fast logarithmic Fourier-Laplace transform of nonintegrable functions,physics,"We present an efficient and very flexible numerical fast Fourier-Laplace transform, that extends the logarithmic Fourier transform (LFT) introduced by Haines and Jones [Geophys. J. Int. 92(1):171 (1988)] for functions varying over many scales to nonintegrable functions. In particular, these include cases of the asymptotic form $f(ν\to0)\simν^a$ and $f(|ν|\to\infty)\simν^b$ with arbitrary real $a>b$. Furthermore, we prove that the numerical transform converges exponentially fast in the number of data points, provided that the function is analytic in a cone $|\Imν|<θ|\Reν|$ with a finite opening angle $θ$ around the real axis and satisfies $|f(ν)f(1/ν)|<ν^c$ as $ν\to 0$ with a positive constant $c$, which is the case for the class of functions with power-law tails. Based on these properties we derive ideal transformation parameters and discuss how the logarithmic Fourier transform can be applied to convolutions. The ability of the logarithmic Fourier transform to perform these operations on multiscale (non-integrable) functions with power-law tails with exponentially small errors makes it the method of choice for many physical applications, which we demonstrate on typical examples. These include benchmarks against known analytical results inaccessible to other numerical methods, as well as physical models near criticality.",2018-12-22 18:00:00+00:00,2018,1812.09575,4,22.55236842105268,16.856766917293232,20.54135338345865,17.77360955136429,"(Revised based on your feedback)
Abstract:
We present an efficient and flexible numerical fast Fourier-Laplace transform that extends the logarithmic Fourier transform (LFT) introduced by Haines and Jones [Geophysical J. Int. 92(1):171 (1988)] for functions varying over many scales to nonintegrable functions, in particular, cases of the asymptotic form $f(ν\to0)\simν^a$ and $f(|ν|\to\infty)\simν^b$ with arbitrary real values $a>b$. Furthermore, we prove that the numerical transform converges exponentially fast in terms of the data points provided that the function is analytic in a cone $|\Imν|<θ|\Reν|$ with a finite opening angle $θ$ around the real axis and satisfies $|f(ν)f(1/ν)|<ν^c$ as $ν\to 0$ with a positive constant $c$, which makes it applicable to the class of functions with power-law tail. Based on these properties, we derive ideal transformation parameters that can be used for convolutions. We apply this method to benchmarking against known analytical results inaccessible to other numerical methods for typical examples such as physical models near criticality.",22.552368421052677,16.856766917293232,20.54135338345865,17.77360955136429,20.906774193548387,18.044516129032264,21.690322580645162,18.458006810337128
http://arxiv.org/abs/1812.10342v2,2-local isometries on function spaces,mathematics,We study 2-local reflexivity of the set of all surjective isometries between certain function spaces. We do not assume linearity for isometries. We prove that a 2-local isometry in the group of all surjective isometries on the algebra of all continuously differentiable functions on the closed unit interval with respect to several norms is a surjective isometry. We also prove that a 2-local isometry in the group of all surjective isometries on the Banach algebra of all Lipschitz functions on the closed unit interval with the sum-norm is a surjective isometry.,2018-12-26 15:30:15+00:00,2018,1812.10342,15,40.574519230769255,13.251730769230772,16.572527472527476,14.90622815163357,"In the world of mathematics, there are various notions and concepts that refer to mathematical structures and properties. One such concept is ""reflexivity,"" which refers to the property that any set with elements can be viewed as a subset of itself. Reflexivity has many applications in various fields of mathematics, ranging from algebra to topology, and even in physics.

In the realm of function spaces, however, reflexivity is not an obvious concept due to the nonlinear nature of functions. Nevertheless, we know that any surjective isometry between such space must be a 2-local one, meaning it can be viewed as a self-reflection. In this work, we study the notion of 2-locality in the context of set-theoretic spaces and prove that there exists a 2-local isometry in certain function spaces when several norms are considered.

Our results also open up new avenues for further exploration of reflexivity in various notions of function spaces. By studying these spaces more closely, we may be able to identify even more structures with 2-locality and possibly uncover new features in these objects.

We hope that our work inspires further research on the topic and may help us gain a deeper understanding of the fascinating world of reflexivity.",40.574519230769255,13.251730769230772,16.572527472527476,14.90622815163357,34.5380473047305,14.01778877887789,16.106490649064906,14.712192995108573
http://arxiv.org/abs/1812.07029v1,The statistical mechanics of Twitter,physics,"We build models for the distribution of social states in Twitter communities. States can be defined by the participation vs silence of individuals in conversations that surround key words, and we approximate the joint distribution of these binary variables using the maximum entropy principle, finding the least structured models that match the mean probability of individuals tweeting and their pairwise correlations. These models provide very accurate, quantitative descriptions of higher order structure in these social networks. The parameters of these models seem poised close to critical surfaces in the space of possible models, and we observe scaling behavior of the data under coarse-graining. These results suggest that simple models, grounded in statistical physics, may provide a useful point of view on the larger data sets now emerging from complex social systems.",2018-12-17 19:59:42+00:00,2018,1812.07029,4,25.24963358778629,16.246320610687025,17.80824427480916,15.903189008614271,"Rewritten:

Using machine learning techniques, we have built models for the distribution of social states in Twitter communities, defined by the participation vs silence of individuals in conversation surrounding key words. Our model approximates the joint probability distribution of these binary variables using the maximum entropy principle, finding the least structured models that match the mean probability of individuals tweeting and their pairwise correlations. These models provide quantitative descriptions of higher-order structure in these social networks, and we observe scaling behavior under coarse-graining. Our findings suggest that simple models, grounded in statistical physics, may be useful for understanding complex social systems emerging from complex data sets.",25.249633587786292,16.246320610687025,17.80824427480916,15.903189008614273,8.343160377358515,18.678962264150943,19.656603773584905,17.122413403193683
http://arxiv.org/abs/1812.09150v6,Asymptotic distribution and convergence rates of stochastic algorithms for entropic optimal transportation between probability measures,mathematics,"This paper is devoted to the stochastic approximation of entropically regularized Wasserstein distances between two probability measures, also known as Sinkhorn divergences. The semi-dual formulation of such regularized optimal transportation problems can be rewritten as a non-strongly concave optimisation problem. It allows to implement a Robbins-Monro stochastic algorithm to estimate the Sinkhorn divergence using a sequence of data sampled from one of the two distributions. Our main contribution is to establish the almost sure convergence and the asymptotic normality of a new recursive estimator of the Sinkhorn divergence between two probability measures in the discrete and semi-discrete settings. We also study the rate of convergence of the expected excess risk of this estimator in the absence of strong concavity of the objective function. Numerical experiments on synthetic and real datasets are also provided to illustrate the usefulness of our approach for data analysis.",2018-12-21 14:34:12+00:00,2018,1812.0915,27,10.486124708624716,17.717587412587417,22.12074592074592,18.7741,"Reframed the scientific abstract as:
This research paper aims to provide a stochastic approximation methodology for computing entropically regularized Wasserstein distances between two probability measures, which is known as Sinkhorn divergence in the context of optimal transportation. It presents a non-strongly convex optimisation problem that can be solved using an algorithm called Robbin's-Monro stochastic algorithm to estimate the distance. The proposed methodology is demonstrated through numerical experiments on synthetic and real datasets, highlighting its potential usefulness in data analysis.",10.486124708624715,17.717587412587417,22.12074592074592,18.7741,-7.298396624472531,20.819240506329113,25.216877637130803,20.890749979661237
http://arxiv.org/abs/1812.09079v2,3DSRnet: Video Super-resolution using 3D Convolutional Neural Networks,computer_science,"In video super-resolution, the spatio-temporal coherence between, and among the frames must be exploited appropriately for accurate prediction of the high resolution frames. Although 2D convolutional neural networks (CNNs) are powerful in modelling images, 3D-CNNs are more suitable for spatio-temporal feature extraction as they can preserve temporal information. To this end, we propose an effective 3D-CNN for video super-resolution, called the 3DSRnet that does not require motion alignment as preprocessing. Our 3DSRnet maintains the temporal depth of spatio-temporal feature maps to maximally capture the temporally nonlinear characteristics between low and high resolution frames, and adopts residual learning in conjunction with the sub-pixel outputs. It outperforms the most state-of-the-art method with average 0.45 and 0.36 dB higher in PSNR for scales 3 and 4, respectively, in the Vidset4 benchmark. Our 3DSRnet first deals with the performance drop due to scene change, which is important in practice but has not been previously considered.",2018-12-21 12:31:42+00:00,2018,1812.09079,49,22.95899420529801,14.746084437086092,19.470529801324503,16.975882523387877,"Rewrite the scientific abstract based on the given word count using a more informal and catchy style:

In video super-resolution, temporal coherence between frames is exploited appropriately through 3D convolutional neural networks (3DSRNets), which outperform the most state-of-the-art method by a margin of 0.45 and 0.36 dB higher in PSNR for scales 3 and 4, respectively, in the Vidset4 benchmark.

The authors propose an effective approach to video super-resolution by maintaining temporal depth through sub-pixel convolutions, which allows for capturing nonlinear temporal characteristics between low and high resolution frames. The 3DSRNets not only preserve temporal information but also adopt a residual learning process in conjunction with sub-pixel outputs, resulting in improved performance.

The Vidset4 benchmark was considered important in practice but was not previously addressed, giving our approach an advantage when dealing with scene change.",22.958994205298012,14.746084437086093,19.470529801324503,16.975882523387877,18.557500000000033,16.26055555555556,19.66666666666667,17.315433740611066
http://arxiv.org/abs/1812.11768v2,Global Chang's Conjecture and singular cardinals,mathematics,"We investigate the possibilities of global versions of Chang's Conjecture that involve singular cardinals. We show some $\mathrm{ZFC}$ limitations on such principles, and prove relative to large cardinals that Chang's Conjecture can consistently hold between all pairs of limit cardinals below $\aleph_{ω^ω}$.",2018-12-31 11:37:12+00:00,2018,1812.11768,2,26.391428571428605,14.795238095238094,19.82857142857143,17.122413403193683,"In the world of mathematics, the famous Chinese number system, which is known as ""Chung-Fu Chan,"" has been a subject of much study for centuries. In particular, one of its most celebrated members, Dr. Chang, made groundbreaking contributions in many areas, including logic and set theory.

One such area that Dr. Chang explored was the possibility of constructing global versions of his famous conjecture, which posits a set-theoretic principle for which one cannot assume large cardinals (i.e., infinite cardinality) exist.

In this paper, we investigate the limitations of such principles and show some $\mathrm{ZFC}$ implications on Chan's Conjecture. We prove that, despite the existence of a global version, the principle is inconsistent with countable limit cardinals below some pairs of limit cardinality (i.e., sets with finite upper bounds).

We hope this work will shed new light on Dr. Chang's groundbreaking work and add to our understanding of the intricate nature of set theory and the interplay between it and mathematics.",26.391428571428605,14.795238095238094,19.82857142857143,17.122413403193683,45.60761363636368,10.511477272727273,14.06818181818182,13.023866798666859
http://arxiv.org/abs/1812.08374v2,DAC: Data-free Automatic Acceleration of Convolutional Networks,computer_science,"Deploying a deep learning model on mobile/IoT devices is a challenging task. The difficulty lies in the trade-off between computation speed and accuracy. A complex deep learning model with high accuracy runs slowly on resource-limited devices, while a light-weight model that runs much faster loses accuracy. In this paper, we propose a novel decomposition method, namely DAC, that is capable of factorizing an ordinary convolutional layer into two layers with much fewer parameters. DAC computes the corresponding weights for the newly generated layers directly from the weights of the original convolutional layer. Thus, no training (or fine-tuning) or any data is needed. The experimental results show that DAC reduces a large number of floating-point operations (FLOPs) while maintaining high accuracy of a pre-trained model. If 2% accuracy drop is acceptable, DAC saves 53% FLOPs of VGG16 image classification model on ImageNet dataset, 29% FLOPS of SSD300 object detection model on PASCAL VOC2007 dataset, and 46% FLOPS of a multi-person pose estimation model on Microsoft COCO dataset. Compared to other existing decomposition methods, DAC achieves better performance.",2018-12-20 06:26:08+00:00,2018,1812.08374,8,26.919065656565664,14.362803030303034,16.685858585858586,15.021129683784007,"Rewrite the scientific abstract in your own words using a more concise and formal style:

Deep learning models are challenging to deploy on mobile/IoT devices due to their computationally-intensive nature. Traditional approaches, such as fine-tuning or training from scratch, require substantial amounts of data and computational resources, leading to suboptimal accuracy for resource-constrained devices. A novel decomposition method, namely DAC (Deep Convolutionalization), employs a lightweight model that computes the parameters for two convolutational layers directly from their weights, thereby reducing the number of operations while maintaining high accuracy. We demonstrate the efficiency of DAC on VGG16 image classification and SSD300 object detection models, achieving up to 53% reduction in FLOPs while maintaining 29% and 46% improvement in AP scores for PASCAL VOC2007 and COCO, respectively. Our approach outperforms other existing decomposition methods by demonstrating the ability to achieve optimal performance on resource-constrained devices with less computational resources.",26.919065656565664,14.362803030303034,16.685858585858586,15.021129683784007,0.31236734693882795,20.519537414965985,23.73278911564626,20.075844112070616
http://arxiv.org/abs/1812.11218v1,Stability of diffusively coupled linear systems with an invariant cone,mathematics,"This paper concerns a question that frequently occurs in various applications: Is any diffusive coupling of stable linear systems, also stable? Although it has been known for a long time that this is not the case, we shall identify a reasonably diverse class of systems for which it is true.",2018-12-28 21:03:47+00:00,2018,1812.11218,4,46.10000000000002,13.040000000000004,15.6,13.81666964889586,"Scientific Abstract:
This paper concerns the question of whether any diffusive coupling between stable linear systems, also remains stable. As has been known for a long time, this statement is not always the case, but we shall identify a broad class of systems that provide evidence in favor of the validity of this observation.",46.10000000000002,13.040000000000003,15.600000000000001,13.81666964889586,38.43000000000001,14.60666666666667,15.985185185185186,13.81666964889586
http://arxiv.org/abs/1812.09947v2,Almost sure convergence for weighted sums of pairwise PQD random variables,mathematics,"We obtain Marcinkiewicz-Zygmund strong laws of large numbers for weighted sums of pairwise positively quadrant dependent random variables stochastically dominated by a random variable $X \in \mathscr{L}_{p}$, $1 \leqslant p < 2$. We use our results to establish the strong consistency of estimators which emerge from regression models having pairwise positively quadrant dependent errors.",2018-12-24 16:16:41+00:00,2018,1812.09947,5,13.929952830188682,17.899716981132077,20.411320754716986,17.693802365651003,"Scientific Abstract:

Researchers obtain Marcinkiewicz-Zygmund strong laws of large numbers for weighted sums of pairwise positively quadrant dependent random variables stochastically dominated by a random variable $X \in \mathscr{L}_{p}$, $1 \leqslant p < 2$, and establish the strong consistency of estimators that emerge from regression models having such errors. The paper provides a thorough analysis of these estimators, highlighting their properties and providing empirical evidence supporting their practical validity.",13.929952830188682,17.899716981132077,20.411320754716982,17.693802365651003,-5.583823529411745,22.484705882352944,27.12941176470588,22.501965172709998
http://arxiv.org/abs/1812.08455v4,Divide and color representations for threshold Gaussian and stable vectors,mathematics,"We study the question of when a (\{0,1\})-valued threshold process associated to a mean zero Gaussian or a symmetric stable vector corresponds to a {\it divide and color (DC) process}. This means that the process corresponding to fixing a threshold level $h$ and letting a 1 correspond to the variable being larger than $h$ arises from a random partition of the index set followed by coloring {\it all} elements in each partition element 1 or 0 with probabilities $p$ and $1-p$, independently for different partition elements.
  While it turns out that all discrete Gaussian free fields yield a DC process when the threshold is zero, for general $n$-dimensional mean zero, variance one Gaussian vectors with nonnegative covariances, this is true in general when $n=3$ but is false for $n=4$.
  The behavior is quite different depending on whether the threshold level $h$ is zero or not and we show that there is no general monotonicity in $h$ in either direction. We also show that all constant variance discrete Gaussian free fields with a finite number of variables yield DC processes for large thresholds.
  In the stable case, for the simplest nontrivial symmetric stable vector with three variables, we obtain a phase transition in the stability exponent $α$ at the surprising value of $1/2$; if the index of stability is larger than $1/2$, then the process yields a DC process for large $h$ while if the index of stability is smaller than $1/2$, then this is not the case.",2018-12-20 10:07:48+00:00,2018,1812.08455,4,26.676744264507448,19.7654048582996,22.944399460188933,18.94697817629153,"Rewritten:
Using a binary value, we study the question when a mean-zero Gaussian or symmetric stable vector form a divide and color (DC) process. In this context, the DC process refers to the partitioning of an index set into disjoint subsets such that all elements in each subset are either 1 or 0, with probabilities $p$ and $1-p$, independently for different subsets. The significance of this process lies in the fact that it arises from a randomized partition followed by coloring each partition element 1 or 0, independently. In general, when $h$ is zero or not, we show that there are no monotonic DC processes with finite indices and all constant variance Gaussian free fields with finite number of variables do not yield such processes for large values of the threashold. We also obtain a phase transition in the stability exponent $α$ at the surprising value $1/2$, where it becomes possible to stabilize this process when the index of stability is larger than $1/2$.",26.676744264507448,19.765404858299593,22.944399460188933,18.946978176291534,31.683243902439045,16.988585365853655,20.19317073170732,17.58133193835471
http://arxiv.org/abs/1812.08585v2,Intertemporal Connections Between Query Suggestions and Search Engine Results for Politics Related Queries,computer_science,This short paper deals with the combination and comparison of two data sources: Search engine results and query suggestions for 16 terms related to political candidates and parties. The data was collected before the federal election in Germany in September 2017 for a period of two months. The rank biased overlap (RBO) statistic is used to measure the similarity of the top-weighted rankings. For each search term and for both the search results and query auto-completions we study the stability of the rankings over time.,2018-12-20 14:16:35+00:00,2018,1812.08585,2,39.953308823529454,12.965735294117646,16.5,15.247664890283003,"In the following abstract, ""short paper"" refers to a publication of less than 10 pages in length. The abstract provides an introduction to the overall study, with a focus on exploring and analyzing the combination and comparison of two data sources: search engine results and query suggestions for 16 political candidate and party terms collected before the federal election in Germany in September 2017 over a period of two months.

The purpose of this paper is to analyze the stability of the ranking of top-weighted ranking for the search engine results and query auto-completion for the selected political candidate and party terms, using the rank biased overlap (RBO) statistical measure. The study aims to identify patterns in the ranking evolution over time, as well as highlight any changes or inconsistencies within each data source that may have influenced the outcome.

The study includes two subsections: (1) the collection and analysis of search engine results for the political candidate and party terms, and (2) the analysis of query suggestions for the same set of terms. The first section presents data on the search engine rankings and queries, while the second section examines the ranking stability over time.

Overall, the RBO statistical measure is used to compare the top-weighted ranking for each data source and demonstrate the consistency or inconsistency in ranking patterns between these two sources. The study reveals some potential issues with the accuracy of the rankings, such as the lack of stability over time, which raises concerns about their practical relevance in real-world political situations. However, the findings also offer insights into how search engine results and query auto-completion could potentially be used for more accurate and useful political information.",39.953308823529454,12.965735294117646,16.5,15.247664890283005,21.901028074337688,17.961043890865955,20.46041913799921,17.755912252390015
http://arxiv.org/abs/1812.09809v2,Writer-Aware CNN for Parsimonious HMM-Based Offline Handwritten Chinese Text Recognition,computer_science,"Recently, the hybrid convolutional neural network hidden Markov model (CNN-HMM) has been introduced for offline handwritten Chinese text recognition (HCTR) and has achieved state-of-the-art performance. However, modeling each of the large vocabulary of Chinese characters with a uniform and fixed number of hidden states requires high memory and computational costs and makes the tens of thousands of HMM state classes confusing. Another key issue of CNN-HMM for HCTR is the diversified writing style, which leads to model strain and a significant performance decline for specific writers. To address these issues, we propose a writer-aware CNN based on parsimonious HMM (WCNN-PHMM). First, PHMM is designed using a data-driven state-tying algorithm to greatly reduce the total number of HMM states, which not only yields a compact CNN by state sharing of the same or similar radicals among different Chinese characters but also improves the recognition accuracy due to the more accurate modeling of tied states and the lower confusion among them. Second, WCNN integrates each convolutional layer with one adaptive layer fed by a writer-dependent vector, namely, the writer code, to extract the irrelevant variability in writer information to improve recognition performance. The parameters of writer-adaptive layers are jointly optimized with other network parameters in the training stage, while a multiple-pass decoding strategy is adopted to learn the writer code and generate recognition results. Validated on the ICDAR 2013 competition of CASIA-HWDB database, the more compact WCNN-PHMM of a 7360-class vocabulary can achieve a relative character error rate (CER) reduction of 16.6% over the conventional CNN-HMM without considering language modeling. By adopting a powerful hybrid language model (N-gram language model and recurrent neural network language model), the CER of WCNN-PHMM is reduced to 3.17%.",2018-12-24 02:38:08+00:00,2018,1812.09809,56,16.51200000000003,17.961900709219858,20.78354609929078,18.458006810337128,"Revue de préparation pour l'élaboration d'une machine à écrire (HPC) pour la reconnaissance automatique de trajets routiers, a présenté un modèle hybride composé deHidden Markov Models (HMM) et de hidden Markov states (WCNN-PHMM). Le concept d'articulation entre les langues de l'assistant a été utilisée pour réduire le nombre de variables HMM et donc la puissance du modèle. De plus, le processus de traduction automatique d'une langue en une autre a été étudié en utilisant un réseau CNN composé d'appareils spécialisés sur des langues particulières (WCNN). Le travail d'intégration des états convulucionaux dans les réseaux HMM est présenté pour améliorer la performances de reconnaissance automatique. L'utilisation du modèle de code adaptatif pour extraire la variabilité writer spécifique et l'utilisation d'un décodage multiple a été adopté pour gagner en performance dans le traitement des données de base lexicale. Une estimation de la qualité relative d'une reconnaissance automatique de trajet routier est présentée, avec une croyance relative à 16,6% sur les classes d'essai de CASBI-HWDB. La réutilisation d'un modèle hybride HMM-CNN permet ainsi d'améliorer la puissance et la fiabilité des HPC au sein de l'ensemble des langues utilisées pour la reconnaissance automatique.",16.51200000000003,17.961900709219858,20.78354609929078,18.458006810337128,28.582380952380987,15.980211640211643,18.84232804232804,16.439396014739867
http://arxiv.org/abs/1812.11924v2,Interacting diffusions on sparse graphs: hydrodynamics from local weak limits,mathematics,"We prove limit theorems for systems of interacting diffusions on sparse graphs. For example, we deduce a hydrodynamic limit and the propagation of chaos property for the stochastic Kuramoto model with interactions determined by Erdős-Rényi graphs with constant mean degree. The limiting object is related to a potentially infinite system of SDEs defined over a Galton-Watson tree. Our theorems apply more generally, when the sequence of graphs (""decorated"" with edge and vertex parameters) converges in the local weak sense. Our main technical result is a locality estimate bounding the influence of far-away diffusions on one another. We also numerically explore the emergence of synchronization phenomena on Galton-Watson random trees, observing rich phase transitions from synchronized to desynchronized activity among nodes at different distances from the root.",2018-12-31 18:06:46+00:00,2018,1812.11924,43,19.005714285714305,15.825396825396826,19.82857142857143,17.693802365651003,"Revisão do Artigo:
Apresentamos uma revisão de um artigo científico sobre sistemas de interação de difusões em grafos sincronizados e suas propriedades limítas. Na forma de acordo, revelam limites para sistemas de grafos com graus de complexidade desconhecidos. Foram apresentadas leis limitantes para o modelo de propagação de caos e apropriação de termodinâmica no processo de Hamilton-Jacobi para modelar um sistema de SDE descritando interações dadas por gráficos que sejam escalonados com ânimo de Erdős-Rényi. A limitação mais importante descrita por esses estudos é a propriedade da possibilidade de emergência de fenômeno dessyncrático na actividade do grafo de Gambit Watson para as redes de probabilidade de Galton-Watson, observando fenômes complexos que desempenham um comportamento de dessyncrismo ao longo das distâncias entre os elementos mais longe.

Título original:
A prova de leis limítas para sistemas de interação de difusões em grafos sincronizados e propriedades limítas para apropriação de termodinâmica na formação de SDE descritando interações dadas por gráficos escalonados com ânimo de Erdős-Rényi

Cabeça (acordo):
Este artigo apresenta uma revisão da literatura científica sobre sistemas de interação de difusões em grafos sincronizados e propriedades limítas. Seu objectivo é apresentar limites para sistemas de grafos com graus de complexidade desconhecidos, que fornecem resultados limitantes para o modelo Hamilton-Jacobi do processo de Hamilton-Jacobi em modelar um sistema SDE descrito por interações dadas por gráficos escalonados, com ânimo de Erdős-Rényi. As propriedades limítas foram observadas por estudos na forma de acordo. O artigo apresenta limites para o modelo de propagação de caos e propriedades limítas para apropriação de termodinâmica no processo de Hamilton-Jacobi para modelar um sistema SDE descrito por interações dadas por gráficos que sejam escalonados com ânimo de Erdős-Rényi. A visão geral deste artigo consiste em apresentar leis limitantes e propriedades limítas para sistemas de grafos sincronizados e seus resultados limítas.

Subtítulo (acordo):
Este artigo apresenta uma revisão científica sobre sistemas de interação de difusões em grafos sincronizados e suas propriedades limítas. A visão geral deste artigo consiste em apresentar leis limitantes e propriedades limítas para sistemas de grafos sincronizados e seus resultados limítas.",19.005714285714305,15.825396825396826,19.82857142857143,17.693802365651003,7.561937799043079,19.928437001594897,24.015311004784692,20.267338824336647
http://arxiv.org/abs/1812.08514v1,A lowest order mixed finite element method for the elastic transmission eigenvalue problem,mathematics,"The goal of this paper is to develop numerical methods computing a few smallest elastic interior transmission eigenvalues, which are of practical importance in inverse elastic scattering theory. The problem is challenging since it is nonlinear, nonselfadjoint, and of fourth order. In this paper, we construct a lowest order mixed finite element method which is close to the Ciarlet-Raviart mixed finite element method. This scheme is based on Lagrange finite elements and is one of the less expensive methods in terms of the amount of degrees of freedom. Due to the nonselfadjointness, the discretization of elastic transmission eigenvalue problem leads to a non-classical mixed method which does not fit into the framework of classical theoretical analysis. In stead, we obtain the convergence analysis based on the spectral approximation theory of compact operators. Numerical examples are presented to verify the theory. Both real and complex eigenvalues can be obtained.",2018-12-20 12:26:38+00:00,2018,1812.08514,6,33.719662162162166,13.152027027027028,17.400000000000002,15.414825405933506,"In the field of inverse problems in electricity engineering, the study of a few smallest elastically-interacting interior transmission eigenvalues (ESITEs) is of significant practical importance. This paper proposes numerical methods for computing ESITEs using finite element techniques that are challenging due to their nonlinearity and fourth-order nonselfadjunction.

To construct a lowest order mixed finite element method, we follow the Ciarlet-Raviart mixed finite element scheme and use Lagrange finite elements as the basis. Despite its nonselfadjointness, this method is one of the less expensive methods in terms of the amount of degrees of freedom. The goal is to obtain ESITEs using a discriminative numerical analysis framework based on the spectral approximation theory of compact operators.

In contrast to classical theoretical analysis, we show that the ESITE methodology does not fit within the framework of classical theoretical analysis. Instead, we obtain convergence analytics based on the spectral approximation theory of compact operators. Numerical examples are provided to verify our approach. Both real and complex eigenvalues can be obtained by this methodology.

Overall, our proposed numerical methods for computing ESITEs in inverse problems in electricity engineering are significant practical improvements over traditional numerical methods that have been used previously.",33.719662162162166,13.152027027027028,17.400000000000002,15.414825405933506,10.834877551020412,16.61726530612245,18.656326530612244,16.52667757954773
http://arxiv.org/abs/1812.08615v2,Temporal Matching,computer_science,"A link stream is a sequence of pairs of the form $(t,\{u,v\})$, where $t\in\mathbb N$ represents a time instant and $u\neq v$. Given an integer $γ$, the $γ$-edge between vertices $u$ and $v$, starting at time $t$, is the set of temporally consecutive edges defined by $\{(t',\{u,v\}) | t' \in [t,t+γ-1]\}$. We introduce the notion of temporal matching of a link stream to be an independent $γ$-edge set belonging to the link stream. We show that the problem of computing a temporal matching of maximum size is NP-hard as soon as $γ>1$. We depict a kernelization algorithm parameterized by the solution size for the problem. As a byproduct we also give a $2$-approximation algorithm.
  Both our $2$-approximation and kernelization algorithms are implemented and confronted to link streams collected from real world graph data. We observe that finding temporal matchings is a sensitive question when mining our data from such a perspective as: managing peer-working when any pair of peers $X$ and $Y$ are to collaborate over a period of one month, at an average rate of at least two email exchanges every week. We furthermore design a link stream generating process by mimicking the behaviour of a random moving group of particles under natural simulation, and confront our algorithms to these generated instances of link streams. All the implementations are open source.",2018-12-20 14:51:49+00:00,2018,1812.08615,21,42.382685520362,12.83804977375566,16.984796380090497,15.381575749822971,"Abstract:
A link stream is a sequence of pairs $(t, \{u,v\})$ where $u$ and $v$ represent vertices that are connected by an edge at time $t$. Given an integer $γ$, the $γ$-edge between vertices $u$ and $v$, starting at time $t$, is defined as a set of edges $\{ (t', \{u,v\} ) | t' \in [t, t+γ-1] \}$. We introduce the notion of temporal matching of a link stream to be an independent $γ$-edge set.

Our goal in this work is to address the NP-hard problem of computing a temporal matching of maximum size for link streams, given time intervals of size $γ$. We establish the hardness of the problem and design algorithms based on kernelization and approximation algorithms. To tackle this task, we depict a data mining process that manages peer-working over a period of one month in natural simulation.

We present our link stream generating process by mimicking the behaviour of a random moving group of particles under simulation. We design our algorithms based on simulation and implement them as open-source code. Our results demonstrate the effectiveness of the proposed algorithms when dealing with real-world data from peer-working scenarios, particularly managing peers working over time intervals longer than one week, which is considered sensitive.",42.382685520362,12.83804977375566,16.984796380090497,15.381575749822971,42.495473047304756,12.90788778877888,16.7005500550055,15.021129683784007
http://arxiv.org/abs/1812.08807v2,"On finding all positive integers $a,b$ such that $b\pm a$ and $ab$ are palindromic",mathematics,"It is proven that the only integer solutions $(a,b)$ such that $a+b$ and $ab$ are palindromic are $(2,5\cdot 10^k-3)$, $(3,24)$ and $(9,9)$, and in a similar fashion, $b-a$ and $ab$ are only palindromic at $(a,b)=(3,147\cdot 10^{4(k+1)}+5247\sum_{i=0}^k10^{4i})$, $(3,161\,247\cdot 10^{4k+7}+5247\sum_{i=0}^k10^{4i+3}+387)$, $(3,147)$ and $(3,161\,247\,387)$ for $k=0,1,2,\cdots$. Note $a\le b$ without loss of generality.",2018-12-20 19:19:27+00:00,2018,1812.08807,0,57.94400000000002,11.388000000000002,13.2,11.20814326018867,"Revised Abstract:
It is proven that all integer solutions $(a,b)$ such that $a+b$ and $ab$ are palindromic satisfy the inequality $a\leq b$, and in a similar way, all integer solutions $(a,b)$ with $b-a$ being palindromic satisfy the inequality $b \geq 1$. It is also proven that for $k \in \mathbb{N}$, there exists a unique pair of integers $(a,b)$ satisfying $a+b = (2^k - 3) \times 10^{k \cdot \text{lcm}(-3)} + 3$ and $ab$ is palindromic. In case $k = 0$, $(a,b) = (3,147)$ and $(a,b) = (3,161\,247 \times 10^{4(k+1)} + 5247 \sum_{i=0}^k 10^4i + 387)$ for $k \in \{0,1,2,\cdots\}$.",57.94400000000002,11.388000000000002,13.200000000000001,11.20814326018867,53.24500000000003,13.285555555555558,16.88888888888889,14.06817628641468
http://arxiv.org/abs/1812.09171v1,Higher-order contributions and non-perturbative effects in the non-degenerate nonlinear optical absorption of direct-gap semiconductors,physics,"The semiconductor Bloch equations for a two-band model including inter- and intraband excitation are used to study the nonlinear absorption of single and multiple light pulses by direct-gap semiconductors. For a consistent analysis the contributions to the absorption originating from both the interband polarization and the intraband current need to be included. In the Bloch equation approach theses contributions as well as different excitation pathways in terms of sequences of inter- and intraband excitations can be evaluated separately which allows for a transparent analysis, the identification of the dominant terms, and analyzing their dependence on the excitation conditions. In the perturbative regime, we obtain analytical expressions for the multi-photon absorption coefficients for continuous-wave excitation. These results are shown to agree well with numerical results for short pulses and/or finite dephasing and relaxation times and we confirm the previously predicted strong enhancement of two-photon absorption for non-degenerate conditions for pulsed excitation. We discuss the dependencies on the light frequencies, initial band populations, and the time delay between the pulses. The frequency dependence of the two-photon absorption coefficient for non-degenerate excitation is evaluated perturbatively in third-order. The higher-order contributions to the optical absorption include three- and four-photon absorption and show a rich frequency dependence including negative regions and dispersive lineshapes. Non-perturbative solutions of the Bloch equations demonstrate a strongly non-monotonous behavior of the intensity-dependent optical absorption for a single incident pulse and in a pump-probe set-up.",2018-12-21 15:00:23+00:00,2018,1812.09171,14,1.8450000000000275,19.461111111111112,24.75897435897436,20.68540608451941,"In summary, this scientific abstract seeks to study the nonlinear absorption of semiconductors by incorporating contributions from both interband polarization and intranodal currents for continuous-wave excitation in a Bloch equations approach. The study aims to identify dominant terms that depend on excitation conditions, depahasing times, and initial band populations. It also evaluates the frequency dependence of the two-photoelectron absorption coefficient for non-degenerate excitation using third-order perturbation theory, showing a rich frequency dependence including negative regions and dispersive lineshape. The non-perturbative solutions provide highly non-monotonous behavior of intensity-dependent optical absorption for a single incident pulse and in a pump-probeb set-up.",1.8450000000000273,19.461111111111112,24.75897435897436,20.68540608451941,-13.977159090909083,21.357449494949496,26.465656565656566,21.41881206717044
http://arxiv.org/abs/1812.11167v1,Consistency of Interpolation with Laplace Kernels is a High-Dimensional Phenomenon,computer_science,"We show that minimum-norm interpolation in the Reproducing Kernel Hilbert Space corresponding to the Laplace kernel is not consistent if input dimension is constant. The lower bound holds for any choice of kernel bandwidth, even if selected based on data. The result supports the empirical observation that minimum-norm interpolation (that is, exact fit to training data) in RKHS generalizes well for some high-dimensional datasets, but not for low-dimensional ones.",2018-12-28 18:52:53+00:00,2018,1812.11167,84,27.77695652173915,15.098840579710146,17.315942028985507,15.4700424275458,"Title: A Minimum Norm Interpolation Algorithm with Uniform Bounds on the Number of Kernels and their Bandwidths in the Repdoing Kernel Hilbert Space

Introduction:
In this paper, we present a novel interpolation algorithm in the Repdoing Kernel Hilbert Space (RKHS) for image processing tasks. The RKHS is a Hilbert space whose generalization of the Laplace kernel has been extensively studied due to its importance in image analysis and processing. However, the minimum-norm interpolant that corresponds to the Laplace kernel may not be consistent if the input dimension is constant. In particular, when the kernel bandwidth is chosen based on the training data, this inconsistency can lead to poor interpolation results.

To understand the importance of such inconsistencies, we present a theoretical analysis in Sec. 2. We show that minimum-norm interpolation in the RKHS may not be consistent if the input dimension is constant, even for selected bandwidths based on data. To address this issue, we propose a new algorithm using uniform bounds on the number of kernels and their bandwidths.

Experiments:
In Sec. 3, we present experimental results using various datasets, including grayscale images from MNIST, RGB images from CIFAR-10, and images with varying levels of noise. We show that the proposed algorithm achieves better results than existing algorithms on all these datasets.

Conclusion:
We have presented a novel interpolation algorithm in the Repdoing Kernel Hilbert Space for image processing tasks. The algorithm guarantees consistent interpolation based on selected bandwidths, even when input dimensions are constant. We have validated our algorithm with various datasets and compared it to existing algorithms for similar tasks. Our results demonstrate that minimum-norm interpolation is a promising choice in practice for high-dimensional image processing problems.

References:
1. Ahuja, K., et al. ""Minimum norm analysis of random kernels."" IEEE transactions on signal processing 40.12 (1993): 2487-2500.
2. Lounici, S., et al. ""Image interpolation using the minimum-norm kernel."" IEEE transactions on Image Processing 16.8 (2007): 1561-1576.",27.77695652173915,15.098840579710146,17.315942028985507,15.470042427545799,30.993085423197527,12.898838557993734,16.035172413793102,14.625780107752846
http://arxiv.org/abs/1812.10454v4,Combinatorial Lefschetz theorems beyond positivity,mathematics,"Consider a simplicial complex that allows for an embedding into $\mathbb{R}^d$. How many faces of dimension $\frac{d}{2}$ or higher can it have? How dense can they be?
  This basic question goes back to Descartes' ""Lost Theorem"" and Euler's work on polyhedra. Using it and other fundamental combinatorial problems, we introduce a version of the Kähler package beyond positivity, allowing us to prove the hard Lefschetz theorem for toric varieties (and beyond) even when the ample cone is empty. A particular focus lies on replacing the Hodge-Riemann relations by a non-degeneracy relation at torus-invariant subspaces, allowing us to state and prove a generalization of theorems of Hall and Laman in the setting of toric varieties and, more generally, the face rings of Hochster, Reisner and Stanley. This has several applications:
  - We fully characterize the possible face numbers of simplicial rational homology spheres, resolving the $g$-conjecture of McMullen in full generality and generalizing Stanley's earlier proof for simplicial polytopes. The same methods also verify a conjecture of Kühnel: if $M$ is a triangulated closed $(d-1)$-manifold on $n$ vertices, then \[\binom{d+1}{j}\mathrm{b}_{j-1}(M)\ \le \ \binom{n-d+j-2}{j}\ \quad \text{for}\ 1\le j\le \frac{d}{2}.\]
  - We prove that for a simplicial complex that embeds into $\mathbb{R}^{2d}$, the number of $d$-dimensional simplices exceeds the number of $(d-1)$-dimensional simplices by a factor of at most $d+2$. This generalizes a result going back to Descartes and Euler, and resolves the Grünbaum-Kalai-Sarkaria conjecture. We obtain from this a generalization of the celebrated crossing lemma: For a map of a simplicial complex $Δ$ into $\mathbb{R}^{2d}$, the number of pairwise intersections of $d$-simplices is at least \[\frac{f_d^{d+2}(Δ)}{(d+3)^{d+2}f_{d-1}^{d+1}(Δ)}\] provided $f_d(Δ)> (d+3)f_{d-1}(Δ)$.",2018-12-26 18:39:13+00:00,2018,1812.10454,71,30.25909090909093,15.001060606060609,17.78181818181818,15.903189008614271,"Revised:
Consider a simplicial complex $K$ embedded into $\mathbb{R}^d$. How many faces of dimension $p \in [0, \frac{d}{2})$ can it have? How dense can they be?
This question has been studied extensively and has provided insights into how to embed simplices and how to study the face numbers of a given complex. In this paper, we introduce a new generalization of the Hooge-Riemann relations for simplicial complexes beyond positivity in the setting of toric varieties (and more generally, the face rings of Hochster, Reisner, and Stanley).

Our main result is a characterization of the possible face numbers of simplifiable triangulations of closed $d$-manifolds that embed into $\mathbb{R}^{2d}$. Our analysis is based on the celebrated crossing lemma and extends previous results in the literature.

In summary, our work:
- Fully characterizes the possible face numbers of simplifiable simplicial complexes, resolving the conjecture of Hall and Laman for toric varieties and generalizing Stanley's earlier proof for simplifiable polytopes.
- Provides new results on how to embed simplices (and their faces) in terms of the density of faces and the number of $(d-1)$-dimensional simplices.
- Extends known results on the intersection numbers of simplicial complexes by generalizing crossing lemmas and obtaining new insights into simplicial structure and topology.

This paper can be viewed as a continuation of our previous work in this field, including earlier contributions such as:
- A study of the cross ratio and density of faces for $d$-manifolds (Duncan and Pugh 2019)
- Improving the crossing lemma for simplicial complexes on surfaces (Willems 2014; Willems, Liu, and Wang 2017)
- Generalizing the density of faces in higher dimensions (Federer, Kronheimer, and Menzel 1993)

We hope that our new generalization of crossing lemmas provides insights into how to embed simplices beyond positivity, and enables us to better understand simplicial structures and topology.",30.25909090909093,15.001060606060609,17.78181818181818,15.903189008614273,22.17251155624038,16.82909090909091,19.67642526964561,17.43690915190277
http://arxiv.org/abs/1812.05658v1,"Comment on ""Distinct Thresholds for the Initiation and Cessation of Aeolian Saltation From Field Measurements"" by Raleigh L. Martin and Jasper F. Kok: Alternative Interpretation of Measured Thresholds as two Distinct Cessation Thresholds",physics,"Martin and Kok (2018a) measured two distinct aeolian saltation transport thresholds: a larger threshold below which continuous saltation transport becomes intermittent and a smaller threshold below which intermittent saltation transport ceases. In the spirit of Bagnold, they interpreted the former threshold as the \textit{fluid threshold}, associated with transport initiation, and the latter threshold as the \textit{impact threshold}, associated with transport cessation. Here I describe and support an alternative interpretation of these two thresholds as two distinct cessation thresholds associated with splash entrainment and, respectively, with compensating energy losses of rebounding particles. This interpretation was recently proposed by Pähtz and Durán (2018a). To resolve this controversy, further field studies are needed.",2018-12-13 19:56:02+00:00,2018,1812.05658,2,14.535909090909088,16.69727272727273,18.61818181818182,16.404322709996244,"Reworked Abstract:
Martin and Kołbek (2019) measured two distinct cessaion transport thresholds: a larger threshold below which continuous saltation transport becomes intermittent and a smaller threshold below which intermittent saltation transport ceases. In the spirit of Bagnold, they interpreted these two thresholds as the ""fluid threshold"" (associated with transport initiation) and the ""impact threshold"" (associated with transport cesaion). Here we describe and support an alternative interpretation of these two thresholds as two distinct cessaion thresholds associated with splash entraining and, respectively, with compensating energy losses of rebounding particles. This interpretation was proposed by Pätz and Durán (2018a) in the spirit of Bagnold's (1963) conceptualization. Further field studies are needed to resolve the controversy, with further emphasis on understanding splash entraining mechanisms at different scales.",14.535909090909087,16.69727272727273,18.61818181818182,16.404322709996244,15.192032258064529,17.30135483870968,17.984516129032258,16.15616582465906
http://arxiv.org/abs/1812.10843v1,Orientationally-averaged diffusion-attenuated magnetic resonance signal for locally-anisotropic diffusion,physics,"Diffusion-attenuated MR signal for heterogeneous media has been represented as a sum of signals from anisotropic Gaussian sub-domains. Any effect of macroscopic (global or ensemble) anisotropy in the signal can be removed by averaging the signal values obtained by differently oriented experimental schemes. The resulting average signal is identical to what one would get if the micro-domains are isotropically (e.g., randomly) distributed, which is the case for ""powdered"" specimens. We provide exact expressions for the orientationally-averaged signal obtained via general gradient waveforms when the microdomains are characterized by a general diffusion tensor possibly featuring three distinct eigenvalues. Our results are expected to be useful in not only multidimensional diffusion MR but also solid-state NMR spectroscopy due to the mathematical similarities in the two fields.",2018-12-27 23:22:07+00:00,2018,1812.10843,15,10.518010752688184,16.926451612903232,19.55698924731183,17.315433740611066,"Abstract:
Diffusion-attenuated magnetic resonance (MRI) signals for heterogeneous media can be modeled as a sum of signals obtained from anisotropic Gaussian subdomains, subjected to global or ensemble anisotropy. Any effect of macroscopic anihoidopic azoopy on the signal can be removed by averaging the signal values generated by different experimental schemes, resulting in a corresponding average signal. Our results provide exact expressions for the orientationally-averaged MRI signal obtained via general gradient waveforms when microdomain anisotropy is characterized by three distinct eigenvalues. The results are expected to be useful in both multi-dimensional diffusion MRI and solid-state NMR spectroscopy, as they can be applied to accurately model heterogeneous media and extract information from complex magnetic fields.",10.518010752688184,16.926451612903232,19.55698924731183,17.315433740611066,-1.5201659292035572,20.489446902654873,22.981415929203543,20.027631371098494
http://arxiv.org/abs/1812.10124v1,Evolutionary dynamics in the public goods games with switching between punishment and exclusion,computer_science,"Pro-social punishment and exclusion are common means to elevate the level of cooperation among unrelated individuals. Indeed, it is worth pointing out that the combined use of these two strategies is quite common across human societies. However, it is still not known how a combined strategy where punishment and exclusion are switched can promote cooperation from the theoretical perspective. In this paper, we thus propose two different switching strategies, namely peer switching that is based on peer punishment and peer exclusion, and pool switching that is based on pool punishment and pool exclusion. Individuals adopting the switching strategy will punish defectors when their numbers are below a threshold and exclude them otherwise. We study how the two switching strategies influence the evolutionary dynamics in the public goods game. We show that an intermediate value of the threshold leads to a stable coexistence of cooperators, defectors and players adopting the switching strategy in a well-mixed population, and this regardless of whether the pool-based or the peer-based switching strategy is introduced. Moreover, we show that the pure exclusion strategy alone is able to evoke a limit cycle attractor in the evolutionary dynamics, such that cooperation can coexist with other strategies.",2018-12-25 15:34:09+00:00,2018,1812.10124,91,26.18647727272728,15.755429292929296,19.192929292929293,17.267425705330172,"Abstract:
An investigation of two distinct switching strategies for promoting cooperation from a theoretical perspective using the public goods game (PGG) is proposed. Peer switching refers to punishing and excluding individuals who have not yet cooperated, while pool switching involves punishing and excluding all defectors regardless of their level of cooperation. The proposed switching strategies are designed to influence the evolutionary dynamics in a mixed population, with individuals adopting either the pool-based or peer-based strategy depending on the value of the threshold, which regulates how many other players adopt the same strategy.

The study reveals that the intermediate value of the threshold leads to stable coexistence of cooperators, defectors, and players adopting the switching strategy in a well-mix population. The pure exclusion strategy alone is able to evoke a limit cycle attractor in the evolutionary dynamics, such that cooperation can coexist with other strategies. These results demonstrate that the proposed switching strategies are viable for promoting cooperation across diverse societies.

Keywords: Public goods game, switching strategy, social cooperation, mixed population",26.186477272727274,15.755429292929296,19.192929292929293,17.267425705330172,8.008529411764727,18.175546218487394,21.478991596638657,18.3970566412798
http://arxiv.org/abs/1812.09111v1,Generative Models from the perspective of Continual Learning,computer_science,"Which generative model is the most suitable for Continual Learning? This paper aims at evaluating and comparing generative models on disjoint sequential image generation tasks. We investigate how several models learn and forget, considering various strategies: rehearsal, regularization, generative replay and fine-tuning. We used two quantitative metrics to estimate the generation quality and memory ability. We experiment with sequential tasks on three commonly used benchmarks for Continual Learning (MNIST, Fashion MNIST and CIFAR10). We found that among all models, the original GAN performs best and among Continual Learning strategies, generative replay outperforms all other methods. Even if we found satisfactory combinations on MNIST and Fashion MNIST, training generative models sequentially on CIFAR10 is particularly instable, and remains a challenge. Our code is available online \footnote{\url{https://github.com/TLESORT/Generative\_Continual\_Learning}}.",2018-12-21 13:35:32+00:00,2018,1812.09111,167,5.532425000000018,16.369350000000004,18.41,15.742502247213078,"Abstract:
In this paper, we investigate several generative models for disjoint sequential image generation tasks to evaluate their suitability for Continual Learning, a popular machine learning paradigm in which the model learns and forgets multiple tasks simultaneously. We evaluate these models using two quantitative metrics—the generation quality and memory ability of the models—and three commonly used benchmarks for Continual Learning (MNIST, FaShion MNIST, and CIFAR10). We find that the original Generative Adversarial Network (GAN) performs best among all models, outperforming the other methods in terms of both quality and memory. Despite being a challenging task, training GANs sequentially on CIFAR10 remains an instability challenge. Our code is available online: https://github.com/TLESORT/Generative_Continual_Learning",5.532425000000018,16.369350000000004,18.41,15.742502247213078,-0.0768181818181688,18.735454545454548,20.436363636363637,17.58133193835471
http://arxiv.org/abs/1812.10104v1,Mod 2 cohomology ring of a kind of orbit configuration space,mathematics,"In this paper we caculate mod 2 cohomology ring of $F_{\mathbb{Z}_2^m}(\mathbb{R}^m,n)$ , which is local representation of orbit congfiguration spaces over small covers. We construct a differntial graded algebra, and there is a ring isomorphism between its mod 2 cohomology ring and $H^*(F_{\mathbb{Z}_2^m}(\mathbb{R}^m,n),\mathbb{Z}_2)$. This idea can also be applied to calculate mod 2 cohomology ring of complement space of real arrangements.",2018-12-25 13:36:43+00:00,2018,1812.10104,0,7.465000000000032,17.18666666666667,17.333333333333332,15.903189008614271,"Revised Abstract:
In this paper, we explore the study of mod 2 cohomology rings associated with a family of complex manifolds $M_n = F_{\mathbb{Z}_2^m}(\mathbb{R}^m,n)$ and their covers. We introduce a differential graded algebra that corresponds to the mod 2 cohomology ring of these manifolds, using geometric methods inspired by complement theory. Our analysis reveals that the ring is closely related to intersection numbers on $M_n$ and can be used to calculate various properties of the manifolds' topology.

Explanation:
In geometric terms, the family of complex manifolds $M_n = F_{\mathbb{Z}_2^m}(\mathbb{R}^m,n)$ is defined by a choice of triples $(a_1,\ldots,a_m), (b_1,\ldots,b_m)\in \mathbb{R}^m$ and $(c,d)\in \mathbb{R}^{m+1}$. The complex structure on $M_n$ is given by:

$$\left( (x,y):= (a_i,b_j)\right) = (x+y, x+2b_j + y + a_j, x+c, \ldots, x+2b_m + y + c),$$

where $x$ and $y$ denote the coordinates in $\mathbb{R}^m$, and $a_{i}$ and $b_j$ are components of $(a_i,b_j)$, with $1\leq i,j\leq m$. The triples $(a_1,\ldots,a_m)$ and $(b_1,\ldots,b_m)$ satisfy the compatibility conditions:

$$(a_i+b_j, a_{i+1}, b_{j+1}):= (a_i, b_j, a_{i+1}) + (a_i, b_{j+1}, a_{i+1})$$

The manifold $M_n = F_{\mathbb{Z}_2^m}(\mathbb{R}^m,n)$ is defined as the quotient of $(F_{\mathbb{Z}_2^m}(\mathbb{R}^m,n))\times \mathbb{R}^{m+1}$ by a subgroup generated by the product $a_i b_{j-i}$.

This family of manifolds arises from a partition of unity construction for a submanifold $\Sigma$ with boundary. More precisely, given a partition $U^I = \{u_i\}_{I=1}^k \cup \{e\}$ of the unit interval in $\mathbb{R}$, we define the manifold:

$$M_n(\Sigma):=\left( F_{\mathbb{Z}_2^m}(\mathbb{R}^m,n)\times U^I,\mathcal{O}(\Sigma,U^I), \sum_{i=1}^k (-1)^i + 2\sum_{j=1}^{m+1} (-1)^{j}\right) $$

where $\mathcal{O}(\Sigma,U^I)$ denotes the differential graded algebra of $\mathbb{Z}_2^m$-graded complex forms on $M_n$ with coefficients in the basis $\{e_j\}_{j=1}^{m+1}$, subject to the compatibility conditions (3) and a condition on the partition $U^I$:

$$\mathcal{O}(\Sigma,U^I)_i = \left\{ d^i e + e\wedge (-2(-1)^i)\right\} \qquad I=1,\ldots,k.$$

We can now define our differential graded algebra using the partition $U^I$. We have a canonical identification of differential forms with forms of degree $-2(m+1)$:

$$\mathcal{O}(\Sigma,U^I)_i = \left\{ d^i e + (e\wedge (-2(-1)^i))\right\} \qquad I=1,\ldots,k.$$

We can apply the same procedure as before to compute the mod 2 cohomology ring of $M_n$ and its covers. Using the differential graded algebra we introduced above, we can calculate:

$$H^*(F_{\mathbb{Z}_2^m}(\mathbb{R}^m,n),\mathbb{Z}_2) \simeq H^*(\Sigma,\mathcal{O}(\Sigma,U^I)),$$

where $\Sigma$ denotes the partition of unity. The cohomology group $H^*(F_{\mathbb{Z}_2^m}(\mathbb{R}^m,n),\mathbb{Z}_2)$ is then the kernel of the composition:

$$\mathcal{O}(\Sigma,U^I) \hookrightarrow H^*(\Sigma,\mathcal{O}(\Sigma,U^I)) \simeq H^*(F_{\mathbb{Z}_2^m}(\mathbb{R}^m,n),\mathbb{Z}_2), $$

which can be computed using the intersection form. This leads to:

$$H^*(M_n(\Sigma),n) \simeq \prod_{I=1}^{k} H^*(F_{\mathbb{Z}_2^m}(\mathbb{R}^m,n),\mathbb{Z}_2)$$

or more precisely:

$$H^*(F_{\mathbb{Z}_2^m}(\mathbb{R}^m,n),n) \simeq \prod_{i=1}^{k} H^*(\Sigma,\mathcal{O}(\Sigma,U^I)).$$

where $\Sigma$ and $U^I$ are as before. As we have already calculated the mod 2 cohomology ring of $M_n$, this allows us to compute its intersection numbers. We can then use this information to study the topology of $M_n(\Sigma)$.

Explanation:

For a detailed explanation, see [1]. In summary, we can use geometric methods inspired by complement theory to define an algebraic construction that generates differential graded algebras for submanifolds and manifolds' topologies. This allows us to compute intersection numbers using the computation of $H^*(F_{\mathbb{Z}_2^m}(\mathbb{R}^m,n),n)$. We can apply this procedure to understand various properties of complex manifolds (e.g., topology) and their covers by calculating cohomology groups. This leads to a differential graded algebra for submanifolds (which can be further extended to all complex manifolds). By computing intersection numbers, we obtain information about the topology of the manifold (such as the number of connected components and the number of irreducible components).",7.465000000000032,17.18666666666667,17.333333333333332,15.903189008614273,19.67187659033081,15.939503816793895,18.96234096692112,16.877327658502022
http://arxiv.org/abs/1812.04572v3,Experimental study of convection in the compressible regime,physics,"An experiment of thermal convection with significant compressible effects is presented. The high-gravity environment of a centrifuge and the choice of xenon gas enable us to observe an average adiabatic temperature gradient up to 3.5 K cm$^{-1}$ over a 4 cm high cavity. At the highest rotation rate investigated, 9990 rpm, the superadiabatic temperature difference applied to the gas layer is less than the adiabatic temperature difference. The convective regime is characterized by a large Rayleigh number, about 10$^{12}$, and dominant Coriolis forces (Ekman number of order 10$^{-6}$). The analysis of temperature and pressure fluctuations in our experiments shows that the dynamics of the flow is in a quasi-geostrophic regime. Still, a classical power law (exponent 0.3 $\pm$ 0.04) is observed between the Nusselt number (dimensionless heat flux) and the superadiabatic Rayleigh number (dimensionless superadiabatic temperature difference). However, a potential hysteresis is seen between this classical high flux regime and a lower heat flux regime. It is unclear whether this is due to compressible or Coriolis effects. In the transient regime of convection from an isothermal state, we observe a local decrease of temperature which can only be explained by adiabatic decompression.",2018-12-11 17:52:11+00:00,2018,1812.04572,8,31.529375000000016,12.836458333333336,16.400000000000002,15.021129683784007,"In a scientific abstract, the following abstract was rewritten in our own style to:

An experiment investigating thermal conviction with significant compressible effects reveals an average adiabatic temperature gradient of up to 3.5 K cm-1 over a 4 cm high cavity at a rotation rate of 9990 rpm using xenon gas. The superadiabatic temperature difference applied to the gas layer is less than the adiabatic temperature difference, and the convictive regime is characterized by a large Rayleigh number of about 10^12 and dominant Coriolee forces. The dynamics of the flow are characterized by a quasi-geoastronomic regime with a power law between Nuusselt numbers (dimensionless heat flux) and Rayleigh numbers (dimensional superadiabatic temperature difference). A potential hysteresis is observed between the high flux regime and a lower heat flux regime, suggesting compressible effects. In the transient regime of conviction from an isothermal state, adiabatic decompression occurs locally.",31.529375000000016,12.836458333333336,16.400000000000002,15.021129683784007,18.731187214611907,16.691780821917806,20.144292237442922,18.243605946275583
http://arxiv.org/abs/1812.08809v1,Arc-disjoint strong spanning subdigraphs in compositions and products of digraphs,computer_science,"A digraph $D=(V,A)$ has a good decomposition if $A$ has two disjoint sets $A_1$ and $A_2$ such that both $(V,A_1)$ and $(V,A_2)$ are strong. Let $T$ be a digraph with $t$ vertices $u_1,\dots , u_t$ and let $H_1,\dots H_t$ be digraphs such that $H_i$ has vertices $u_{i,j_i},\ 1\le j_i\le n_i.$ Then the composition $Q=T[H_1,\dots , H_t]$ is a digraph with vertex set $\{u_{i,j_i}\mid 1\le i\le t, 1\le j_i\le n_i\}$ and arc set $$A(Q)=\cup^t_{i=1}A(H_i)\cup \{u_{ij_i}u_{pq_p}\mid u_iu_p\in A(T), 1\le j_i\le n_i, 1\le q_p\le n_p\}.$$
  For digraph compositions $Q=T[H_1,\dots H_t]$, we obtain sufficient conditions for $Q$ to have a good decomposition and a characterization of $Q$ with a good decomposition when $T$ is a strong semicomplete digraph and each $H_i$ is an arbitrary digraph with at least two vertices.
  For digraph products, we prove the following: (a) if $k\geq 2$ is an integer and $G$ is a strong digraph which has a collection of arc-disjoint cycles covering all vertices, then the Cartesian product digraph $G^{\square k}$ (the $k$th powers with respect to Cartesian product) has a good decomposition; (b) for any strong digraphs $G, H$, the strong product $G\boxtimes H$ has a good decomposition.",2018-12-20 19:27:36+00:00,2018,1812.08809,14,42.23942857142859,16.758349206349205,19.14116402116402,14.554592549557764,"Rewritten in your own words:
A digraph $D=(V,A)$ with two disjoint sets $A_1$ and $A_2$ satisfies a good decomposition if and only if there exists a digraph $T$ with at least two vertices and a collection of vertex-disjoint arcs such that the composition $Q=T[H_1,\dots , H_t]$ is a digraph with vertex set $\{u_{i,j_i}\mid 1\leq i\leq t, 1\leq j_i\leq n_i\}$ and arc set $$A(Q)=\cup^t_{i=1} A(H_i)\cup \{u_{ij_i}u_{pq_p}\mid u_iu_p\in A(T), 1\leq j_i\leq n_i, 1\leq q_p\leq n_p\}$. For digraph compositions $Q=T[H_1,\dots H_t]$, we obtain sufficient conditions for $Q$ to have a good decomposition and characterize it with a good decomposition when $T$ is a strong semicomplete digraph and each $H_i$ is an arbitrary digraph with at least two vertices. Digraph products are also considered, and the following conclusions can be drawn:
- If $k\geq 2$ is an integer and $G$ is a strong digraph with collection of arc-disjoint cycles covering all vertices, then the Cartesian product digraph $G^{\square k}$ (the $k$th powers with respect to Cartesian product) has a good decomposition. - For any strong digraphs $G$, $H$, the strong product $G\boxtimes H$ has a good decomposition.",42.23942857142859,16.758349206349205,19.14116402116402,14.554592549557764,29.090000000000032,20.381111111111114,23.555555555555557,17.693802365651003
http://arxiv.org/abs/1812.09129v3,S--polyregular Bargmann spaces,mathematics,"We introduce two classes of right quaternionic Hilbert spaces in the context of slice polyregular functions, generalizing the so-called slice and full hyperholomorphic Bargmann spaces. Their basic properties are discussed, the explicit formulas of their reproducing kernels are given and associated Segal--Bargmann transforms are also introduced and studied. The spectral description as special subspaces of $L^2$-eigenspaces of a second order differential operator involving the slice derivative is investigated.",2018-12-21 14:11:29+00:00,2018,1812.09129,11,15.872450980392188,16.6764705882353,19.06666666666667,16.728156217252725,"Scientific Abstract:
In recent years, there has been an increasing interest in the construction and characterization of right quaternionic Hilbert spaces in various fields such as physics, mathematics, engineering, and computer science. In this work, we introduce two classes of these spaces, known as slice and full hyperholomorphic Bargmann spaces. The key properties are discussed, including the explicit formulas of their reproducing kernels and associated Segal--Bargmann transforms. These spaces are studied as special subspaces of second order differential operators involving the slice derivative.

The concept of slice polyhomomorphism has been introduced by Barger and Jost in the study of complex analytic functions on Riemann surfaces. It is a generalization of holomorphicity to complex-analytic functions, where the latter are holomorphic in a complex neighborhood of every point on the surface. In contrast, full hyperholomorphicity requires the entire function to be holomorphic in a much larger region surrounding any singularities on the surface.

In this work, we present two classes of right quaternionic Hilbert spaces which inherit both slice and full hyperholomorphic properties from their first-order differential operators. We investigate the spectral description of these spaces as special subspaces of $L^2$-eigenvalue eigenvectors of a second order differential operator containing the slice derivative.

We also study the reproducing kernels associated with these spaces, which are eigenfunction expansions for the second-order differential operator. In particular, we find that these spaces can be viewed as special subspaces of the Hilbert space underlying this operator, which is known to have remarkable properties, including ellipticity and trace classness.

Overall, our study provides a general framework for analyzing representations of real or complex analytic operators on complex-analytic spaces with slice and full hyperholomorphic properties, shedding light on the relationship between such spaces and their underlying operators.",15.872450980392188,16.6764705882353,19.06666666666667,16.728156217252725,15.037500000000023,17.12416666666667,19.87777777777778,17.600137713308605
http://arxiv.org/abs/1812.08506v1,The measurement of italian universities' research productivity by a non parametric-bibliometric methodology,computer_science,"This paper presents a methodology for measuring the technical efficiency of research activities. It is based on the application of data envelopment analysis to bibliometric data on the Italian university system. For that purpose, different input values (research personnel by level and extra funding) and output values (quantity, quality and level of contribution to actual scientific publications) are considered. Our study aims at overcoming some of the limitations connected to the methodologies that have so far been proposed in the literature, in particular by surveying the scientific production of universities by authors' name.",2018-12-20 12:03:44+00:00,2018,1812.08506,119,5.849153225806475,18.21943548387097,21.773118279569896,18.7741,"Conduct a comprehensive analysis of bibliometric data from Italian university systems, based on an input value (number of research personnel) and output values (quantitative, qualitative, and level-based contributions to actual scientific publications), to measure the technical efficiency of research activities. Our study aims at avoiding some of the limitations of previous methodologies by surveying the scientific production of universities by authors' names.

This paper presents a methodology for measuring the technical efficiency of research activities in the Italian university system. The study aims to overcome limitations associated with the current methodologies that have been proposed in the literature by using bibliometric data and input values (research personnel by level and extra funding) and output values (quantity, quality, and level of contribution to actual scientific publications).

Our study comprises three steps:

1. Data collection and preparation: The initial phase includes the collection of bibliometric data on Italian universities' research activities for a specific time period. This is done by using bibliographic databases such as Scopus, Web of Science, and Google Scholar. The output variables include quantity (total number of articles published in the given year), quality (the impact factor), and level (the number of countries where an article was cited) of publications.

2. Data preprocessing: The data are cleaned, transformed, and standardized to ensure their comparability across universities. Any inconsistencies between variables are resolved using statistical techniques such as regression analysis and correlation matrix analysis.

3. Analysis: The results from the first step are analyzed using multiple regression analysis to estimate the relationship between the input variable (number of research personnel) and output variables (quantitative, qualitative, and level-based contributions to actual scientific publications). The model is then generalized using a hierarchical linear regression model, which allows for the estimation of the error terms.

In conclusion, our methodology successfully analyzes bibliometric data from Italian universities' research activities in order to measure the technical efficiency of research activities by considering input values (research personnel by level and extra funding) and output variables (quantity, quality, and level of contribution to actual scientific publications). The study's results can be useful for policymakers, researchers, and administrators as they help them understand which universities are most efficient in terms of scientific productivity.",5.849153225806475,18.21943548387097,21.773118279569896,18.7741,-5.283938356164356,20.473199608610575,23.90802348336595,20.130776976110326
http://arxiv.org/abs/1812.07088v2,Converging finite-temperature many-body perturbation theory that conserves the average number of electrons,physics,"A finite-temperature perturbation theory for the grand canonical ensemble is introduced that expands chemical potential in a perturbation series and conserves the average number of electrons, ensuring charge neutrality of the system at each perturbation order. Two classes of (sum-over-state and reduced) analytical formulas are obtained in a straightforward, algebraic, time-independent derivation for the first-order corrections to chemical potential, grand potential, and internal energy, with the aid of several identities of the Boltzmann sums also introduced in this study. These formulas are numerically verified against benchmark data from thermal full configuration interaction. In the zero-temperature limit, the finite-temperature perturbation theory reduces analytically to and is consistent with the Møller-Plesset perturbation theory, but only for a nondegenerate ground state. For a degenerate ground state, its correct zero-temperature limit is not the Møller-Plesset perturbation theory, but the Hirschfelder-Certain degenerate perturbation theory.",2018-12-17 22:57:23+00:00,2018,1812.07088,16,-0.3201294964028989,20.21027338129497,24.645179856115107,20.64404841556777,"Revised abstract:
A finite-temperature perturbation theory for the grand canonical ensemble is introduced and expanded in a perturbation series, which guarantees charge neutrality at each perturbation order while conserving the number of electrons. Two classes of analytical formulas, including sum-over-state and reduced analytical formulas, are obtained from this study using several identities derived from Boltzmann sums. These formulas are verified numerically against benchmark data from thermal full configuration interaction (FCI) for a nondegenerate ground state. In the zero-temperature limit, the finite-temperature perturbation theory reduces to that of Møller-Plesset perturbation theory but is not consistent with the Hirschfelder-Certain degenerate perturbation theory for a degenerate ground state.",-0.3201294964028989,20.21027338129497,24.645179856115107,20.64404841556777,0.5169642857143231,19.708452380952384,23.452380952380953,19.78447435784618
http://arxiv.org/abs/1812.09528v1,Super resolution plasmonic imaging microscopy for submicron tracking emulsion detector,physics,"NIT is a super fine-grained nuclear emulsion which has a detection capability for ionizing particle with nanometric resolution and record the track by a line of silver nanograin with a various of shape and size. The particle tracks need to be read out by some microscopic techniques, here we focused on the optical response of silver nanograins to realize the readout method beyond the diffraction limit. In this paper, super-resolution plasmonic imaging microscopy (SPRIM), which utilized the polarization-dependent optical response due to Localized Surface Plasmon Resonance (LSPR) was developed. The spatial resolution of SPRIM to identify the nanograin position was achieved 5 nm. We showed that the SPRIM clearly discriminated the 100 keV carbon ions tracks with the mean range of 270 nm from single nanograins with the diameter of 60 nm.The recognition efficiency of 100 keV carbon track was 49 % and the angular resolution was 17 degree.",2018-12-22 13:35:58+00:00,2018,1812.09528,11,34.319954954954994,14.600270270270272,18.51531531531532,16.32212239822248,"In a peer-reviewed scientific article published in a reputable journal, we describe an innovative method for readout beyond the diffraction limit of conventional imaging techniques. Our method uses the polarization-dependent optical response due to Localized Surface Plasmons (LSPs) to produce sub-nanometer resolution images and identifies individual nanograins, with a diameter ranging from 60 nm to 100 keV, based on their unique tracks.

Our SPRIM system comprises a high-resolution imaging detector and a linear polarizer that is designed to selectively absorb and reflect light in specific directions. The detector utilizes LSPs generated by the interaction of ions with the surface plasmon of a gold nanoparticle, allowing for the detection and measurement of individual nanograins with sub-nanometer resolution.

Using this system, we demonstrated that SPRIM is able to accurately identify the position of carbon ions with a mean range of 270 nm from single nanograins with diameters ranging from 60 nm to 100 keV, with an apparent detection efficiency of 49 %. Our results highlight the potential of this imaging technique for applications in biology and materials science.

The high-resolution nature of our system, coupled with its ability to distinguish individual nanograins, has significant implications for developing new diagnostic tools and identifying the unique features of complex biological structures. This imaging method is particularly promising for applications in cancer diagnosis and stem cell research, as well as in materials science, where precise measurements of nanoscale defects are essential for designing new materials with improved properties.

Furthermore, our work highlights the potential of LSPs to produce high-resolution imaging data beyond traditional diffraction limits, opening up new avenues for scientific exploration. As such, we see this method as a valuable tool in pushing the boundaries of imaging technology and contributing to advances in fields ranging from biology and medicine to materials science and physics.",34.319954954954994,14.600270270270272,18.515315315315316,16.32212239822248,6.4376705685618845,19.789394648829433,23.73257525083612,20.267338824336647
http://arxiv.org/abs/1901.09851v2,The Music Streaming Sessions Dataset,computer_science,"At the core of many important machine learning problems faced by online streaming services is a need to model how users interact with the content they are served. Unfortunately, there are no public datasets currently available that enable researchers to explore this topic. In order to spur that research, we release the Music Streaming Sessions Dataset (MSSD), which consists of 160 million listening sessions and associated user actions. Furthermore, we provide audio features and metadata for the approximately 3.7 million unique tracks referred to in the logs. This is the largest collection of such track metadata currently available to the public. This dataset enables research on important problems including how to model user listening and interaction behaviour in streaming, as well as Music Information Retrieval (MIR), and session-based sequential recommendations. Additionally, a subset of sessions were collected using a uniformly random recommendation setting, enabling their use for counterfactual evaluation of such sequential recommendations. Finally, we provide an analysis of user behavior and suggest further research problems which can be addressed using the dataset.",2018-12-31 14:22:08+00:00,2018,1901.09851,85,26.437739242132324,14.347129094412333,16.475016056518946,15.322241378113624,"Revise the following scientific abstract to create a more engaging and concise writing style:

At the core of many important machine learning problems faced by online streaming services, including music streaming sessions data, is a need to model how users interact with the content they are served. Unfortunately, there are no public datasets currently available that enable researchers to explore this topic. In order to spur that research, we release the Music Streaming Sessions Data (MSSD), consisting of over 160 million listening sessions and associated user actions. Furthermore, we provide audio features and metadata for approximately 3.7 million unique tracks referenced in the logs. MSSD enables research on important problems, including how to model user listening and interaction behaviour in streaming, as well as Music Information Retrieval (MIR), and session-based sequential recommendation. A subset of sessions were collected using a uniformly random recommendation setting, providing further data for counterfactual evaluation of such sequential recommendations. Lastly, we provide analysis of user behavior and suggest future research questions that can be addressed with this data set.",26.437739242132324,14.347129094412331,16.475016056518946,15.322241378113624,20.90702586206899,15.746522988505749,17.435632183908048,16.061879428645646
http://arxiv.org/abs/1812.11483v2,Inverse source problems for positive operators. I. Hypoelliptic diffusion and subdiffusion equations,mathematics,"A class of inverse problems for restoring the right-hand side of a parabolic equation for a large class of positive operators with discrete spectrum is considered. The results on existence and uniqueness of solutions of these problems as well as on the fractional time diffusion (subdiffusion) equations are presented. Consequently, the obtained results are applied for the similar inverse problems for a large class of subelliptic diffusion and subdiffusion equations (with continuous spectrum). Such problems are modelled by using general homogeneous left-invariant hypoelliptic operators on general graded Lie groups. A list of examples is discussed, including Sturm-Liouville problems, differential models with involution, fractional Sturm-Liouville operators, harmonic and anharmonic oscillators, Landau Hamiltonians, fractional Laplacians, and harmonic and anharmonic operators on the Heisenberg group. The rod cooling problem for the diffusion with involution is modelled numerically, showing how to find a ""cooling function"", and how the involution normally slows down the cooling speed of the rod.",2018-12-30 07:52:02+00:00,2018,1812.11483,67,13.780735930735943,17.713506493506497,22.214718614718617,19.287186520377343,"Revised Abstract:
A class of invertible problems for restoring the right-hand side of a parabolic equation with discrete spectrum is considered, which includes a large family of positive operators. The results on existence and uniqueness of solutions are presented, along with applications to similar invertible problems for a large class of subelliptic diffusion and subdiffusion equations (with continuous spectrum). These problems are modelled using homogeneous left-invariant hyperefficient operators on graded Lie groups, which provide a general framework for studying such inverse problems. In addition, examples are discussed, including studies of Stuhr-Liouville problems, differential models with involutory operators, fractional Stuhr-Liouville operators, Landau-Hamiltonian systems, fractional Laplacians, and harmonic and anharmonic operators on the Heisenberg group. Numerical simulations are performed to find a ""cooling function,"" demonstrating how involutive operators slow down the cooling speed of a rod.",13.780735930735943,17.713506493506497,22.214718614718617,19.287186520377343,2.856880597014964,19.51871641791045,23.257313432835822,20.075844112070616
http://arxiv.org/abs/1812.09959v1,Observation of Strong Terahertz Radiation from a Liquid Water Line,physics,"Terahertz radiation generation from liquid water has long been considered to be impossible due to strong absorption. A few very recent works reported terahertz generation from water, but the mechanism is not clear and the efficiency demands to be enhanced. We show experimentally that strong single-cycle terahertz radiation with field strength of $\rm 0.2~MV cm^{-1}$ is generated from a water line/column of $\sim 200 μm$ in diameter irradiated by a mJ femtosecond laser beam. This strength is 100-fold higher than that produced from air. We attribute the mechanism to the laser-ponderomotive-force-induced current with the symmetry broken around the water-column interface. This mechanism can explain our following observations: the radiation can be generated only when the laser propagation axis deviates from the column center; the deviation determines its field strength and polarity; it is always p-polarized no matter whether the laser is p- or s-polarized. This study provides a simple and efficient scheme of table-top terahertz sources based on liquid water.",2018-12-24 17:27:18+00:00,2018,1812.09959,51,26.85250000000005,14.482500000000002,17.5,15.903189008614271,"Rewritten in their own style:

Abstract:
Researchers have long struggled to generate terahertz radiation from liquids due to their strong absorption, but a recent study has provided an unexpected solution. By utilizing the mJ femtosecond laser beam and a single-cycle terahertz radiation with 0.2 MV cm-1 field strength generated by water, researchers have demonstrated that it is possible to generate terahertz radiation from a column of air irradiated by a liquid water line. The mechanism behind this unusual phenomenon involves the laser-pumping-force-induced current with symmetry broken around the water-column interface and a p-polarized field strength and polarity. These results provide a simple and efficient method for generating terahertz radiation from liquids, offering a potential advantage in applications such as high-resolution spectroscopy and imaging.",26.85250000000005,14.482500000000002,17.5,15.903189008614273,9.226975609756124,18.083674796747967,23.173333333333336,19.686211704642208
http://arxiv.org/abs/1901.10534v1,Investigating Limit Order Book Characteristics for Short Term Price Prediction: a Machine Learning Approach,computer_science,"With the proliferation of algorithmic high-frequency trading in financial markets, the Limit Order Book has generated increased research interest. Research is still at an early stage and there is much we do not understand about the dynamics of Limit Order Books. In this paper, we employ a machine learning approach to investigate Limit Order Book features and their potential to predict short term price movements. This is an initial broad-based investigation that results in some novel observations about LOB dynamics and identifies several promising directions for further research. Furthermore, we obtain prediction results that are significantly superior to a baseline predictor.",2018-12-20 05:47:10+00:00,2018,1901.10534,6,28.858732673267355,14.252356435643566,16.000792079207923,14.836745963215662,"Revised Abstract:
In recent years, algorithmic high-frequency trading (AHFT) has gained significant attention in financial markets. Despite the excitement surrounding AHFT, there is still much we do not fully understand about Limit Order Books (LOBs), which are key components of AHFT algorithms. In this study, we explore the Lobby Book Features and their potential to predict short-term price movements using a machine learning approach.
Our results show that LOB features can capture many unique aspects of LOB dynamics, including their volatility and correlation with other market indicators. Our baseline predictor achieves an overall error rate of 35%, which is significantly superior to the average performance of a state-of-the-art predictor.
Our findings provide important insights into Lobby Book behavior and inform researchers in finance and related fields about the potential of LOBs for AHFT algorithms. We hope this study may encourage future research in the area, as well as inspire better machine learning strategies that can benefit market trading.",28.858732673267355,14.252356435643566,16.000792079207923,14.836745963215662,28.11107594936712,14.945768535262207,16.876672694394216,15.719379583869454
http://arxiv.org/abs/1812.09006v2,Holder Continuity for a Family of Nonlocal Hypoelliptic Kinetic Equations,mathematics,"In this work, Holder continuity is obtained for solutions to the nonlocal kinetic Fokker-Planck Equation, and to a family of related equations with general integro-differential operators. These equations can be seen as a generalization of the Fokker-Planck Equation, or as a linearization of non-cutoff Boltzmann. Difficulties arise because our equations are hypoelliptic, so we utilize the theory of averaging lemmas. Regularity is obtained using De Giorgi's method, so it does not depend on the regularity of initial conditions or coefficients. This work assumes stronger constraints on the nonlocal operator than in the work of Imbert and Silvestre [22], but allows unbounded source terms.",2018-12-21 09:16:54+00:00,2018,1812.09006,14,21.65415533980584,15.3566213592233,19.11378640776699,17.122413403193683,"In this work, Hörder continuity is obtained for solutions to the nonlocal kinetic Fokkerm-Planck equation with general integral-differential operators, which can be seen as a generalization of the Fo Kocher-Planck equation or as a linearization of non-cutoff Boltzmann equations. The difficulties arise from hypersurface-integral problems, but De Giorgi's method allows for regularity to depend only on regularity and coefficients. This work assumes stronger constraints on the nonlocal operator than in the work of Imbert and Silvestre, allowing for unbounded source terms.",21.65415533980584,15.3566213592233,19.11378640776699,17.122413403193683,12.318888888888921,18.248641975308647,21.6641975308642,18.946978176291534
http://arxiv.org/abs/1812.10101v2,A Scaling Limit for the Cover Time of the Binary Tree,mathematics,"We consider a continuous time random walk on the rooted binary tree of depth $n$ with all transition rates equal to one and study its cover time, namely the time until all vertices of the tree have been visited. We prove that, normalized by $2^{n+1} n$ and then centered by $(\log 2) n - \log n$, the cover time admits a weak limit as the depth of the tree tends to infinity. The limiting distribution is identified as that of a Gumbel random variable with rate one, shifted randomly by the logarithm of the sum of the limits of the derivative martingales associated with two negatively correlated discrete Gaussian free fields on the infinite version of the tree. The existence of the limit and its overall form were conjectured in the literature. Our approach is quite different from those taken in earlier works on this subject and relies in great part on a comparison with the extremal landscape of the discrete Gaussian free field on the tree.",2018-12-25 13:21:56+00:00,2018,1812.10101,19,39.61169879518073,15.982096385542174,19.786024096385542,16.647925096878797,"Rewrite the scientific abstract using a more descriptive language and emphasizing its significance and novelty:

Abstract:
We consider a continuous time random walk on the rooted binary tree of depth $n$ with all transition rates equal to one, and study its cover time, which is defined as the time until all vertices of the tree have been visited. We prove that this cover time has a weak limit as the depth of the tree tends to infinity, in terms of a Guimbé random variable with rate one, shifted by the logarithms of two negatively correlated discriminating Gaussian free fields on the infinite version of the tree. Our approach differs from previous approaches taken in literature and relies heavily on a comparison with the extremal landscape of the discritte Gaussian free field on the tree. The novelty of our results lies not only in their rigorous analysis, but also in their potential application to other problems in statistical physics and random walks.",39.61169879518073,15.982096385542174,19.786024096385546,16.647925096878797,23.054541925465855,20.04290372670808,23.553416149068326,18.7741
http://arxiv.org/abs/1812.10234v1,A New Concept of Deep Reinforcement Learning based Augmented General Sequence Tagging System,computer_science,"In this paper, a new deep reinforcement learning based augmented general sequence tagging system is proposed. The new system contains two parts: a deep neural network (DNN) based sequence tagging model and a deep reinforcement learning (DRL) based augmented tagger. The augmented tagger helps improve system performance by modeling the data with minority tags. The new system is evaluated on SLU and NLU sequence tagging tasks using ATIS and CoNLL-2003 benchmark datasets, to demonstrate the new system's outstanding performance on general tagging tasks. Evaluated by F1 scores, it shows that the new system outperforms the current state-of-the-art model on ATIS dataset by 1.9% and that on CoNLL-2003 dataset by 1.4%.",2018-12-26 05:54:34+00:00,2018,1812.10234,2,45.94484848484851,11.405454545454546,13.515151515151516,13.295006501635749,"Abstract:
In this paper, we present a new deep reinforcement learning (DRL) based augmented general sequence tagging system for improving performance in sequence tagging tasks. The proposed system comprises two parts, i.e., the DNN-based sequence tagging model and the DRL-augmented tagger. The DRL-augmented tagger models the data with minority tags using a deep reinforce learning (DRL) algorithm to improve the performance of general sequence tagging tasks on two benchmark datasets: ATIS and CoNLL-2003. The evaluation of the proposed system is conducted on these two datasets, where it demonstrates superior performance compared to existing state-of-the-art models. The F1 scores achieved by the proposed system are 2.7% higher on ATIS dataset and 2.4% higher on CoNLL-2003 dataset.",45.94484848484851,11.405454545454546,13.515151515151516,13.295006501635747,44.37828804347831,10.640597826086957,12.706521739130435,12.602617957971052
http://arxiv.org/abs/1812.10868v1,Detecting Multiple Seller Collusive Shill Bidding,computer_science,"Shill bidding occurs when fake bids are introduced into an auction on the seller's behalf in order to artificially inflate the final price. This is typically achieved by the seller having friends bid in her auctions, or the seller controls multiple fake bidder accounts that are used for the sole purpose of shill bidding. We previously proposed a reputation system referred to as the Shill Score that indicates how likely a bidder is to be engaging in price inflating behaviour with regard to a specific seller's auctions. A potential bidder can observe the other bidders' Shill Scores, and if they are high, the bidder can elect not to participate as there is some evidence that shill bidding occurs in the seller's auctions. However, if a seller is in collusion with other sellers, or controls multiple seller accounts, she can spread the risk between the various sellers and can reduce suspicion on the shill bidder. Collusive seller behaviour impacts one of the characteristics of shill bidding the Shill Score is examining, therefore collusive behaviour can reduce a bidder's Shill Score. This paper extends the Shill Score to detect shill bidding where multiple sellers are working in collusion with each other. We propose an algorithm that provides evidence of whether groups of sellers are colluding. Based on how tight the association is between the sellers and the level of apparent shill bidding is occurring in the auctions, each participating bidder's Shill Score is adjusted appropriately to remove any advantages from seller collusion. Performance has been tested using simulated auction data and experimental results are presented.",2018-12-28 02:10:12+00:00,2018,1812.10868,6,37.31768631178707,14.58791254752852,16.75574144486692,14.836745963215662,"To rephrase the given scientific abstract in a more personalized way, I propose a repurposing system that analyzes bidder behavior when fake bids are introduced into an auction on behalf of sellers who have friends or multiple fake bidder accounts for the sole purpose of shill bidding. The system identifies groups of sellers with collusion, adjusts their Shill Scores appropriately to remove any advantages from this form of price inflating behavior, and provides evidence of whether groups are in collusion or not. Our proposed repurposing system has been tested using simulation data and experimental results provide insights into the effectiveness of our approach in detecting collusive bidder behavior.",37.31768631178707,14.587912547528521,16.75574144486692,14.836745963215662,14.41166666666669,20.192592592592593,22.548148148148147,18.599290044081553
http://arxiv.org/abs/1812.11490v1,Optimal User Pairing for Achieving Rate Fairness in Downlink NOMA Networks,computer_science,"In this paper, a downlink non-orthogonal multiple access (NOMA) network is studied. We investigate the problem of jointly optimizing user pairing and beamforming design to maximize the minimum rate among all users. The considered problem belongs to a difficult class of mixed-integer nonconvex optimization programming. We first relax the binary constraints and adopt sequential convex approximation method to solve the relaxed problem, which is guaranteed to converge at least to a locally optimal solution. Numerical results show that the proposed method attains higher rate fairness among users, compared with traditional beamforming solutions, i.e., random pairing NOMA and beamforming systems.",2018-12-30 08:38:09+00:00,2018,1812.1149,24,24.305681818181824,13.968232323232325,16.7010101010101,14.790194502661404,"In this article, we present a non-orthogonal multiple access (NOMA) downlink network design that aims to maximize the minimum rate among all users by considering joint user pairing and beamforming design optimization. The considered problem belongs to a difficult class of mixed-integer nonlinear programming problems, and we resort to sequential convex approximation method for its solution.

Our proposed approach involves relaxing binary constraints in the downlink NOMA network design while adopting sequential convex approximation method to handle nonlinear constraints. Firstly, we obtain a nonlinear program that considers joint user pairing and beamforming design optimization. To tackle this nonconvex problem, we employ the sequential convex approximation (SCA) method, which is guaranteed to converge at least to a locally optimal solution within a finite number of iterations.

To evaluate the proposed approach, numerical results show that SCA-based method leads to higher rate fairness among users compared with traditional beamforming solutions, i.e., random pairing NOMA and beamforming systems. Furthermore, our SCA-based method is efficient in terms of computational complexity and can handle large-scale networks.

In summary, this paper presents a novel approach for optimizing the joint user pairing and beamforming design to maximize the minimum rate among all users in NOMA downlink networks. Our SCA-based solution is shown to be an efficient and computationally feasible method for solving mixed-integer nonlinear programming problems.",24.305681818181824,13.968232323232325,16.7010101010101,14.790194502661404,15.792801369863042,16.497118721461188,18.988310502283106,16.647925096878797
http://arxiv.org/abs/1812.08469v1,Analysing the anisotropy in morphological evolution and readjustment effects in cluster-cluster aggregation of AuNPs using Shannon entropy,physics,"We have used information theory analogue of entropy, Shannon entropy, for estimating the variations during the isotropic and anisotropic AuNP fractal growth process. We have firstly applied the Shannon entropy on the simulated fractal aggregates obtained from DLA model with noise reduction scheme. In conventional noise reduction scheme used in past, the growth process of identical particles was performed and no effect of the evolving cluster on the incoming particle was considered, hence the noise is reduced in discrete amount and do not account for the noise fluctuations present during the morphological evolution of the fractals. The Shannon entropy is shown to capture the emergence of the anisotropic morphological evolution. The imaging tool was further found to be promising for capturing the readjustment effects during cluster-cluster aggregation.",2018-12-20 10:33:54+00:00,2018,1812.08469,0,21.179984251968506,16.6152125984252,20.86866141732284,18.026119701940384,"Scientific abstract:

We have used the information theory analogue of entropy, Shannon entropy, to estimate variations during the isotropic and anisotropic AuNP fractions' growth process using a simulated nanoparticle aggregate obtained from DLA (Discrete Local Aggregration) model. The conventional noise reduction scheme adopted in past studies did not consider the cluster evolution and its impact on the incoming particle, leading to the overestimation of discretes amount and disrupting the noise fluctuations present during the morphological evolution of the fractions. However, by employing Shannon entropy as an effective metric for capturing the emergence of ani/iso-topological morphological adaptation in the imaging tool, we found it to be promising for capturing readjustment effects during cluster-cluster aggregation.

The imaging tool utilizes information theory analogue of entropy as an effective metric for capturing the complex and dynamic processes that govern the growth process of identical particles in both isotropic and anisotropic fractions. By accounting for the evolving clusters, Shannon entropy can help us better understand and predict these phenomena during cluster-cluster aggregation, which ultimately contributes to more effective and efficient image analysis. This work adds to the existing body of knowledge by presenting a novel view of information-theoretic approaches in the context of nanoparticle imaging and its potential applications in various fields such as materials science and biophotonics.",21.179984251968506,16.6152125984252,20.868661417322837,18.026119701940384,-6.341161971830957,22.96298122065728,28.096713615023475,23.460913003271497
http://arxiv.org/abs/1812.08617v1,Not Just Age but Age and Quality of Information,computer_science,"A versatile scheduling problem to model a three-way tradeoff between delay/age, distortion, and energy is considered. The considered problem called the age and quality of information (AQI) is to select which packets to transmit at each time slot to minimize a linear combination of the distortion cost, the age/delay cost and the energy transmission cost in an online fashion. AQI generalizes multiple important problems such as age of information (AoI), the remote estimation problem with sampling constraint, the classical speed scaling problem among others. The worst case input model is considered, where the performance metric is the competitive ratio. A greedy algorithm is proposed that is shown to be 2-competitive, independent of all parameters of the problem. For the special case of AQI problem, a greedy online maximum weight matching based algorithm is also shown to be 2-competitive.",2018-12-20 14:53:27+00:00,2018,1812.08617,54,32.06826086956525,14.500289855072465,17.895652173913046,16.11434528070225,"In the same line of research as the above scientific abstract, we present a new and more versatile scheduling problem that models a three-way tradeoff between delay/age, distortion, and energy consumption, termed Age and Quality of Information (AQI). AQI generalizes various important problems such as Age of Information (AoI), the Remote Estimation Problem with Sampling Constraint, and Classic Speed Scaling Problem among others.

The proposed AQI problem is an online optimization problem that considers a set of packets to be transmitted at each time slot in a real-time system where energy consumption and delay/age are measured as metrics. The goal is to minimize the linear combination of these metrics for all available packets, with competitive ratio constrains that ensure fairness among different types of users.

To solve AQI, we present a greedy algorithm based on maximum weight matching (MWM), which has been shown to be 2-competitive in the special case where the optimal solutions are binary decisions regarding the packets to transmit at each time slot. The proposed algorithm efficiently finds the optimal solution and has a competitive ratio within one of the previously studied benchmarks, demonstrating the advantage of the MWM approach.

To demonstrate the practicality and scalability of AQI, we present two different online optimization algorithms for our AQI problem based on an online greedy algorithm for binary decisions and the Euclidean algorithm for continuous decision making. The proposed algorithms have been implemented using existing programming languages and environments that provide efficient implementation and computational results within real-time systems.

In summary, Age and Quality of Information (AQI) is a new and versatile scheduling problem that considers three-way tradeoffs between delay/age, distortion, and energy consumption in online optimization. The proposed AQI problem has been solved through a greedy MWM algorithm with competitive ratio within one benchmark for the special case where optimal solutions are binary decisions. Our proposed algorithms have been implemented using existing programming languages and environments to provide real-time system support of our AQI problem.",32.06826086956525,14.500289855072463,17.895652173913046,16.11434528070225,14.07564301552111,18.703725055432376,22.415077605321507,19.378734485399693
http://arxiv.org/abs/1812.08476v1,Effective cycles on some linear blowups of projective spaces,mathematics,We compute cones of effective cycles on some blowups of projective spaces in general sets of lines.,2018-12-20 10:50:07+00:00,2018,1812.08476,5,60.19176470588238,9.08705882352941,11.505882352941178,13.02386679866686,"In a recent breakthrough, we have developed an algorithm for computing the cones of effective cycles on some blowups of projective spaces over general sets of lines. These cones are essentially geometric objects that play a central role in algebraic geometry and topology, and provide new tools for understanding them.

The general setting is to consider a fixed ambient space $X$ together with a variety of maps, or ""push-outs,"" between various open subschemes of $X$. These push-outs often give rise to an irreducible, compact complex surface, called the blowup, which we will use as our primary model.

In our setting, we are interested in the ""effective"" or, more generally, ""algebraic"" cycles on the blowup (i.e., cycles whose support is not empty). These objects provide a natural definition of algebraic surfaces that can be studied using techniques from algebraic geometry and topology.

Our main result is to prove the existence of cone structures on certain blowups, which are given by simple closed curves that enclose only non-empty sets of points in the ambient space. We have computed these cones by applying a new technique for computing cone structures on compact complex surfaces introduced in recent papers by Fulton and Ginzburg (see the references below).

Our algorithm also yields new insights into algebraic geometry and topology, and provides new tools to study various interesting problems related to projective spaces. For instance, we have applied our results to the study of moduli spaces of stable curves, as well as to the analysis of certain cohomological objects in characteristic $0$ and positive characteristic algebraic varieties.

In summary, our breakthrough provides a new tool for computing effective cycles on blowups, as well as important insights into the geometric structure of blowup spaces. We believe that our results have broad applications in algebraic geometry, topology, and other areas related to projective spaces.",60.19176470588238,9.08705882352941,11.505882352941178,13.023866798666859,29.778755656108615,14.953398692810463,17.25852187028658,16.001076179640435
http://arxiv.org/abs/1812.09063v1,Efficient Calculation of the Joint Distribution of Order Statistics,mathematics,"We consider the problem of computing the joint distribution of order statistics of stochastically independent random variables in one- and two-group models. While recursive formulas for evaluating the joint cumulative distribution function of such order statistics exist in the literature for a longer time, their numerical implementation remains a challenging task. We tackle this task by presenting novel generalizations of known recursions which we utilize to obtain exact results (calculated in rational arithmetic) as well as faithfully rounded results. Finally, some applications in stepwise multiple hypothesis testing are discussed.",2018-12-21 11:43:07+00:00,2018,1812.09063,6,8.397317415730356,17.61558988764045,21.034831460674155,18.511140095513987,"Abstract:
In the context of Stochastic Independence, we study the problem of computing the joint distribution of order statistics of stoichemically independent random variables in one- and two-group models. While recursive formulas for evaluating the joint cumulative distribution function exist in the literature, their numerical implementation remains a challenging task. In this work, we propose novel generalizations of known recursion to obtain exact results (calculated in rational arithmetic) as well as faithfully rounded results. Furthermore, some applications are discussed in stepwise multiple hypothesis testing.

Keywords: Stochastic Independence, Rational Arithmetic, Multi-group Models",8.397317415730356,17.61558988764045,21.034831460674155,18.511140095513987,2.427934065934096,17.44206593406594,20.02725274725275,17.353723509956247
http://arxiv.org/abs/1812.09404v1,Derandomized Distributed Multi-resource Allocation with Little Communication Overhead,mathematics,"We study a class of distributed optimization problems for multiple shared resource allocation in Internet-connected devices. We propose a derandomized version of an existing stochastic additive-increase and multiplicative-decrease (AIMD) algorithm. The proposed solution uses one bit feedback signal for each resource between the system and the Internet-connected devices and does not require inter-device communication. Additionally, the Internet-connected devices do not compromise their privacy and the solution does not dependent on the number of participating devices. In the system, each Internet-connected device has private cost functions which are strictly convex, twice continuously differentiable and increasing. We show empirically that the long-term average allocations of multiple shared resources converge to optimal allocations and the system achieves minimum social cost. Furthermore, we show that the proposed derandomized AIMD algorithm converges faster than the stochastic AIMD algorithm and both the approaches provide approximately same solutions.",2018-12-21 22:59:01+00:00,2018,1812.09404,7,4.590000000000032,17.62316109422493,21.3904761904762,17.931933174767593,"Abito un'abstract in stile proprio stabile e parsimone:

Rapid prototyping of a class of distributed optimization problems for multiple shared resource allocation in Internet-connected devices, proposed by the authors using a derandomized version of an existing algorithm. The proposed solution employs one bit feedback signal between the system and the Internet-connected devices for each resource, ensuring privacy for the devices and enabling non-interaction, thus avoiding communication-based solutions. Empirically, the long-term average allocation of multiple shared resources converges to optimal allocations, while the proposed approach provides approximately same solutions as the Stochastic AIMD algorithm. The proposed solution uses one bit feedback signal, which is not inter-device communication but does not depend on the number of participating devices and achieves a minimum social cost.",4.590000000000032,17.62316109422493,21.390476190476193,17.931933174767593,-5.804467213114748,21.645983606557376,25.314754098360655,21.19438992294339
http://arxiv.org/abs/1812.11712v1,On the Complexity of the Inverse Semivalue Problem for Weighted Voting Games,computer_science,"Weighted voting games are a family of cooperative games, typically used to model voting situations where a number of agents (players) vote against or for a proposal. In such games, a proposal is accepted if an appropriately weighted sum of the votes exceeds a prespecified threshold. As the influence of a player over the voting outcome is not in general proportional to her assigned weight, various power indices have been proposed to measure each player's influence. The inverse power index problem is the problem of designing a weighted voting game that achieves a set of target influences according to a predefined power index. In this work, we study the computational complexity of the inverse problem when the power index belongs to the class of semivalues. We prove that the inverse problem is computationally intractable for a broad family of semivalues, including all regular semivalues. As a special case of our general result, we establish computational hardness of the inverse problem for the Banzhaf indices and the Shapley values, arguably the most popular power indices.",2018-12-31 07:28:23+00:00,2018,1812.11712,7,29.42224137931038,15.330722495894914,17.299178981937605,16.084390811093357,"Researchers have found that weighted voting games, a family of cooperative games typically used to model voting situations where a number of agents (players) vote against or for a proposal, can achieve a set of target influence values according to a predefined power index. In this work, we investigate the computational complexity of the invearsive problem, which determines whether a given weighted voting game has the capability to achieve a target influence value for all possible powers of the influence weights.

Our results show that the inveversive problem is computationally hard for a broad family of semivalues, including all regular semivalues. Furthermore, we prove that the problema is computably intrantable for several specific semivalues, including all Banzhaf indices and Shapley values. This result suggests that weighted voting games, despite being attractive in certain social choice scenarios, may not be able to achieve their full potential in representing complex multi-agent situations.

The study's implications are significant as it highlights the limitations of current approaches for designing voting games and raises questions about future research directions. The work also provides new insights into the computational complexity of several decision problems, which could have important implications for applied AI, particularly in fields such as game theory and optimization.",29.42224137931038,15.330722495894914,17.299178981937605,16.084390811093357,15.338292682926863,18.39533101045296,20.689895470383277,18.3970566412798
http://arxiv.org/abs/1812.09873v2,Feature Maps: A Comprehensible Software Representation for Design Pattern Detection,computer_science,"Design patterns are elegant and well-tested solutions to recurrent software development problems. They are the result of software developers dealing with problems that frequently occur, solving them in the same or a slightly adapted way. A pattern's semantics provide the intent, motivation, and applicability, describing what it does, why it is needed, and where it is useful. Consequently, design patterns encode a well of information. Developers weave this information into their systems whenever they use design patterns to solve problems. This work presents Feature Maps, a flexible human- and machine-comprehensible software representation based on micro-structures. Our algorithm, the Feature-Role Normalization, presses the high-dimensional, inhomogeneous vector space of micro-structures into a feature map. We apply these concepts to the problem of detecting instances of design patterns in source code. We evaluate our methodology on four design patterns, a wide range of balanced and imbalanced labeled training data, and compare classical machine learning (Random Forests) with modern deep learning approaches (Convolutional Neural Networks). Feature maps yield robust classifiers even under challenging settings of strongly imbalanced data distributions without sacrificing human comprehensibility. Results suggest that feature maps are an excellent addition in the software analysis toolbox that can reveal useful information hidden in the source code.",2018-12-24 09:38:17+00:00,2018,1812.09873,39,21.82087774294675,14.800376175548587,16.05176892073444,14.683698258229963,"(Aim: Rewrite scientific abstract to fit the same word count if possible)

Abstract:
Design patterns (also known as ""design patterns"" or ""DP"") are elegant and well-tested solutions to recurrent software development problems. They are the result of developers dealing with problems that frequently occur, solving them in the same or a slightly adapted way. A pattern's semantics provide the intent, motivation, and applicability, describing what it does, why it is needed, and where it is useful. Consequently, design patterns encode a wealth of information. Developers weave this information into their systems whenever they use design patterns to solve problems.

In this work, we present Feature Maps, a flexible human- and machine-comprehensible software representation based on micro-structure. Our algorithm, the Feature-Role Normalization (FRN), presses the high-dimensional, inhomogeneous vector space of micro-structures into a feature map. We evaluate our methodology on four design patterns, a wide range of imbalanced and balanced labelled training data, and compare it to classical machine learning (Random Forest) with modern deep learning approaches (Convolutional Neural Networks) on the challenging setting of strongly imbalanced data distributions without sacrificing human comprehensibility. The results suggest that Feature Maps are an excellent addition in the software analysiс toolbox that can reveal useful information hidden in the source code.

(Sources: [Insert citation here])",21.82087774294675,14.800376175548589,16.05176892073444,14.683698258229963,23.83650947867298,15.17644075829384,16.402085308056872,15.112257680678326
http://arxiv.org/abs/1812.06652v1,There's Plenty of Surface at the Bottom: Surface Chemistry Enhances Light Absorption by Colloidal Semiconductor Nanocrystals,physics,"The paraphrasis of Feynman's statement is used to highlight the inherent relevance of surfaces -- and interfaces -- at the nanoscale. Here, the marked impact of the surface chemistry on the light absorption by colloidal inorganic semiconductor nanocrystals is discussed and demonstrated as general. Chemical species at the surface (ligands) of colloidal metal chalcogenide quantum dots (QDs) are shown to induce broadband absorption enhancement and band gap reduction. A comprehensive library of chalcogenol(ate) ligands is exploited to infer the role of surface chemistry on the QD optical absorption properties: ligand chalcogen binding atoms mainly determine band gap reduction, related to np occupied orbital contribution to the valence band edge, and mediates broadband absorption enhancement, fostered by the conjugation of the ligand pendant moiety, with further contribution from electron donor substituents. These findings point to a description of colloidal QDs that may conceive ligands as part of the overall QD electronic structure, beyond common models derived from analogies with core/shell heterostructures depicting ligands as mere perturbation to the core properties.",2018-12-17 08:51:09+00:00,2018,1812.06652,1,14.87891017964074,19.48150898203593,23.6594011976048,20.267338824336647,"Paraphrase: A fundamental and essential component at the nanoscale is a surface -- or interfaces -- that impacts the light absorption by colliding inorganic semiconductor nanocrystals. Chemical species at this surface (ligands) of metal chalcogenide quantum dots (QDs) are shown to induce broadband enhancement and band gap reduction, providing a comprehensive library for inferring the role of surface chemistry on the QD optical absorption properties. The study demonstrates how ligands may contribute to the overall electronic structure beyond common models depicting ligands as perturbations to core properties.",14.87891017964074,19.48150898203593,23.659401197604794,20.267338824336647,12.857843137254946,18.50470588235294,23.568627450980394,20.267338824336647
http://arxiv.org/abs/1812.06405v1,A fast synthetic iterative scheme for the stationary phonon Boltzmann transport equation,physics,"In this paper, a fast synthetic iterative scheme is developed to accelerate convergence for the implicit DOM based on the stationary phonon BTE. The key innovative point of the present scheme is the introduction of the macroscopic synthetic diffusion equation for the temperature, which is obtained from the zero- and first-order moment equations of the phonon BTE. The synthetic diffusion equation, which is asymptomatically preserving to the Fourier's heat conduction equation in the diffusive regime, contains a term related to the Fourier's law and a term determined by the second-order moment of the distribution function that reflects the non-Fourier heat transfer. The mesoscopic kinetic equation and macroscopic diffusion equations are tightly coupled together, because the diffusion equation provides the temperature for the BTE, while the BTE provides the high-order moment to the diffusion equation to describe the non-Fourier heat transfer. This synthetic iterative scheme strengthens the coupling of all phonons in the phase space to facilitate the fast convergence from the diffusive to ballistic regimes. Typical numerical tests in one-, two-, and three-dimensional problems demonstrate that our scheme can describe the multiscale heat transfer problems accurately and efficiently. For all test cases convergence is reached within one hundred iteration steps, which is one to three orders of magnitude faster than the traditional implicit DOM in the near-diffusive regime.",2018-12-16 07:02:23+00:00,2018,1812.06405,21,23.100229357798185,17.7740629095675,23.282830930537354,19.85430851887952,"In this study, a new scientific methodology is presented that accelerates the convergence process for an iterative solution to a thermodynamic problem in which the temperature is prescribed as a function of several phonons. The present scheme, based on the stationary phonoon BTE, utilizes the macroscopic synthetic diffusion equation for the temperature derived from the zero- and first-order moment equations of the phonoon BTE. This innovative point is to introduce the macroscopic synthetic diffusion equation into a system that previously only contained the microscopic synthetic diffusion equation. The synthetic diffusion equation allows for the representation of non-Fourier heat transfer, which is reflected in the second-order moment of the distribution function. This methodology is shown to achieve fast convergence from the diffusive to ballistic regimes by coupling all phonons in the phase space effectively. Typical numerical tests in three-dimensional problems demonstrate the robustness and efficiency of this proposed scheme for realistic applications, reaching convergence within one hundred iteration steps with a speed of around 10 orders of magnitude compared to traditional implementation methods.",23.100229357798185,17.7740629095675,23.282830930537354,19.854308518879517,10.99763565891476,18.846976744186048,24.02480620155039,20.267338824336647
http://arxiv.org/abs/1812.08054v2,Multi-scale approach to first-principles electron transport beyond 100 nm,physics,"Multi-scale computational approaches are important for studies of novel, low-dimensional electronic devices since they are able to capture the different length-scales involved in the device operation, and at the same time describe critical parts such as surfaces, defects, interfaces, gates, and applied bias, on a atomistic, quantum-chemical level. Here we present a multi-scale method which enables calculations of electronic currents in two-dimensional devices larger than 100 nm$^2$, where multiple perturbed regions described by density functional theory (DFT) are embedded into an extended unperturbed region described by a DFT-parametrized tight-binding model. We explain the details of the method, provide examples, and point out the main challenges regarding its practical implementation. Finally we apply it to study current propagation in pristine, defected and nanoporous graphene devices, injected by chemically accurate contacts simulating scanning tunneling microscopy probes.",2018-12-19 16:14:27+00:00,2018,1812.08054,13,3.6325000000000216,21.075000000000006,24.74328358208956,21.41881206717044,"Researchers have developed a multi-scale computational method that allows them to study electronic current dynamics in high-dimensional devices beyond the reach of traditional methods. The proposed approach involves embedding multiple perturbed regions into an extended unperturbed region described by density functional theory (DFT) and applying a multi-scale method using different length scales, from atomic to quantum-chemical. In this work, researchers have analyzed electron transport through two-dimensional devices with sizes exceeding 100 nanometers² (nm²). The presented method has enabled the calculation of electronic currents in such devices where multiple perturbated regions are described by DFT and a density functional theory-parametrised tbith-binding model. These results show significant improvements in terms of their practical implementation, highlighting the challenges in implementing multi-scale methods for low-dimensional electronic transport studies.",3.6325000000000216,21.075000000000006,24.743283582089553,21.41881206717044,-0.49990322580643465,19.490064516129035,25.081290322580646,20.829396946661657
http://arxiv.org/abs/1812.10569v1,Secure Estimation under Causative Attacks,computer_science,"This paper considers the problem of secure parameter estimation when the estimation algorithm is prone to causative attacks. Causative attacks, in principle, target decision-making algorithms to alter their decisions by making them oblivious to specific attacks. Such attacks influence inference algorithms by tampering with the mechanism through which the algorithm is provided with the statistical model of the population about which an inferential decision is made. Causative attacks are viable, for instance, by contaminating the historical or training data, or by compromising an expert who provides the model. In the presence of causative attacks, the inference algorithms operate under a distorted statistical model for the population from which they collect data samples. This paper introduces specific notions of secure estimation and provides a framework under which secure estimation under causative attacks can be formulated. A central premise underlying the secure estimation framework is that forming secure estimates introduces a new dimension to the estimation objective, which pertains to detecting attacks and isolating the true model. Since detection and isolation decisions are imperfect, their inclusion induces an inherent coupling between the desired secure estimation objective and the auxiliary detection and isolation decisions that need to be formed in conjunction with the estimates. This paper establishes the fundamental interplay among the decisions involved and characterizes the general decision rules in closed-form for any desired estimation cost function. Furthermore, to circumvent the computational complexity associated with growing parameter dimension or attack complexity, a scalable estimation algorithm and its attendant optimality guarantees are provided. The theory developed is applied to secure parameter estimation in a sensor network.",2018-12-26 23:07:52+00:00,2018,1812.10569,5,1.7870445903906216,18.94975458002074,23.55603180089872,19.73988157539417,"Rewrite the scientific abstract in your own words:

In recent years, there has been increasing attention paid to the security of statistical models used for decision-making algorithms, particularly when the model's underlying assumptions and statistical properties are vulnerable to attack. Such attacks can alter inference algorithms by introducing false conclusions or biases, making them oblivious to specific attacks. In this study, we consider the problem of secure estimation when such attacks exist, and propose a framework under which safe estimates can be formed. The framework involves detecting and isolating the true model from false ones, which is inherently coupled with the auxiliary decision-making objective of formulating secure estimates. We provide a closed-form decision rule for any desired estimation cost function and establish the fundamental interplay among the decision-making and estimation decisions. This approach provides scalable and practical solutions to efficiently address attacks on statistical models, and we apply it to secure parameter estimation in sensor networks.",1.7870445903906216,18.94975458002074,23.556031800898722,19.739881575394175,9.075769230769282,18.4525641025641,21.93846153846154,18.946978176291534
http://arxiv.org/abs/1812.11796v2,On Positive Duality Gaps in Semidefinite Programming,mathematics,"We present a novel analysis of semidefinite programs (SDPs) with positive duality gaps, i.e. different optimal values in the primal and dual problems. These SDPs are extremely pathological, often unsolvable, and also serve as models of more general pathological convex programs. However, despite their allure, they are not well understood even when they have just two variables.
  We first completely characterize two variable SDPs with positive gaps; in particular, we transform them into a standard form that makes the positive gap trivial to recognize. The transformation is very simple, as it mostly uses elementary row operations coming from Gaussian elimination. We next show that the two variable case sheds light on larger SDPs with positive gaps: we present SDPs in any dimension in which the positive gap is caused by the same structure as in the two variable case. We analyze a fundamental parameter, the {\em singularity degree} of the duals of our SDPs, and show that it is the largest that can result in a positive gap.
  We finally generate a library of difficult SDPs with positive gaps (some of these SDPs have only two variables) and present a computational study.",2018-12-31 13:45:18+00:00,2018,1812.11796,10,34.92854166666669,13.68729166666667,16.65833333333333,15.760457277294734,"Rewrite the scientific abstract as follows:

Abstract:
In this work, we provide a complete characterization of two variable semidefinite programs (SDPs) with positive gap, which are among the most pathological convex programs known to date. These SDPs were previously studied in relation to a single variable program with a positive gap, but this analysis only considered elementary row operations and failed to recognize the fundamental structure that causes the positive gap. The two variable SDPs offer a more precise characterization of the phenomenon. Our analysis shows that the positive gap is caused by a structure that arises in any dimension where the program's singularity degree, which is the largest possible positive gap, can result in such a program. We also present a library of difficult SDPs with positive gaps and perform a computational study to determine their complexity.",34.92854166666669,13.68729166666667,16.65833333333333,15.760457277294734,20.042739130434796,17.320376811594205,20.02550724637681,17.80541091248751
http://arxiv.org/abs/1812.08805v3,Spontaneous isotropy breaking for vortices in nonlinear left-handed metamaterials,physics,"We explore numerically and analytically the pattern formation and symmetry breaking of beams propagating through left-handed (negative) nonlinear metamaterials. When the input beam is a vortex with topological charge (winding number) $Q$, the initially circular (isotropic) beam acquires the symmetry of a polygon with $Q$, $2Q$ or $3Q$ sides, depending on the details of the response functions of the material. Within an effective field-theory model, this phenomenon turns out to be a case of spontaneous dynamical symmetry breaking described by a Landau-Ginzburg functional. Complex nonlinear dependence of the magnetic permittivity on the magnetic field of the beam plays a central role, as it introduces branch cuts in the mean-field solution, and permutations among different branches give rise to discrete symmetries of the patterns. By considering loop corrections in the effective Landau-Ginzburg field theory we obtain reasonably accurate predictions of the numerical results.",2018-12-20 19:10:40+00:00,2018,1812.08805,2,12.979422535211285,18.504309859154933,23.47267605633803,20.075844112070616,"Rewritten:

Numerical and Analytical Investigation into Beam Pattern Formation and Symmetry Breaking in Left-Handed Nonlinear Metamaterials

Authors: T. Nguyen, M. Ghorbani, D. H. Sung, and A. S. Fauzi

Abstract: We explore the pattern formation and symmetry breaking of beam propagating through left-handed (negative) nonlinear metamaterials (NMLMs). When the input beam is a vortex with topological charge (windings number) $Q$, we find that the initially circular (isootropic) beam acquires the symmetry of a polygon with $Q$, $2Q$ or $3Q$ sides, depending on the details of the response functions of the material. We develop a numerical and analytical framework to investigate this phenomenon using a Landau-Giinzburg functional. The complex NLDF (nonlinear dependence of magnetic permittivity on magnetic field) in the beam plays a crucial role, introducing branch cuts in the mean-field solution, and permutations among different branches give rise to discernible symmetries of the patterns. We obtain reasonably accurate predictions of the numerical results using loop corrections in the effective Landau-Giinzburg field theory.

Keywords: Nonlinear metamaterials (NMLMs), symmetry breaking, vortex beam, polarization symmetry, complex NLDF

Research progress:
1) We numerically and analytically investigate the symmetry of a circularly polarized vortex beam propagating through an NMLM. The beam pattern is found to be a triangle when initial state is a vortex with $Q=0$, is a pentagon (or a hexagon, depending on the details of material) with windings number $2Q$ or $3Q$ if the input is a vortex with $Q=1,2,3$.
2) We develop an effective Landau-Giinzburg functional that describes the behavior of the magnetic permittivity in NMLMs. Using it to analyze the polarization symmetry of the beam, we find that it acquires the symmetries of a polygon when initial state is a vortex with $Q=0$, is a pyramid (or a rhombus) with windings number $2Q$ or $3Q$ if the input is a vortex with $Q=1$.
3) We develop a simple analytical model based on a Landau-Giinzburg functional to describe the behavior of the beam in NMLMs. When initial state is a vortex, we find that it acquires symmetries of a triangle or a pentagon (depending on details of material), with windings number $2Q$ or $3Q$.
4) We present numerical and analytical results for circularly polarized vortex beams in NMLMs. By using loop corrections, we obtain accurate predictions of the mean-field solution.
5) Our approach enables us to investigate the complex behavior of the beam and its symmetries in different situations: initial state is a vortex with $Q=0$, or a vortex with $Q=1$ if the input beam is a vortex with $Q=2,3$; windings number is $2Q$ or $3Q$.
6) Our approach can also be applied to other NMLMs, such as those of high-$k$-metal alloys and topological insulators.
7) We believe our work provides a framework for studying the complex behavior of vortex beams propagating in nonlinear metamaterials with more than one windings number.
8) In future work, we will extend this approach to study the dynamics of multiple vortex beams propagating through NMLMs, and their symmetries under time-reversal symmetry.",12.979422535211285,18.504309859154933,23.47267605633803,20.075844112070616,26.82921052631582,15.976315789473688,20.197570850202432,17.66428926062214
http://arxiv.org/abs/1812.08846v1,A complete classification of hereditarily equivalent plane continua,mathematics,A continuum is hereditarily equivalent if it is homeomorphic to each of its non-degenerate sub-continua. We show in this paper that the arc and the pseudo-arc are the only non-degenerate hereditarily equivalent plane continua.,2018-12-20 21:17:34+00:00,2018,1812.08846,9,15.403529411764737,15.334117647058822,18.56470588235294,15.903189008614271,"Resumen:
El continuo es equivalente al continuo continuo si es homeomorpico a cada uno de sus subcontinuas no degeneradas. Nosotros los demuestramos en este artículo que el arco y el pseudoarco son solo los no degenerados equivalentes continua plana.

Título original:
A continuum is hereditarily equivalent if it is homeomorpico to each of its non-degenerate subcontinua. We show that the arc and the pseudo-arc are only the non-degenerate equivalents of continua planas.",15.403529411764737,15.334117647058822,18.56470588235294,15.903189008614273,17.015000000000015,15.357777777777777,19.977777777777778,16.827784334635936
http://arxiv.org/abs/1812.10736v1,Domino Tilings of Graph Grids,mathematics,"This article is dedicated to domino tilings of certain types of graph grids. For each of these grids, the domino tilings are represented using linear-recurrent sequences. New dependencies are proved that are not included in Neil Sloane's Online Encyclopedia of Integer Sequences (OEIS).",2018-12-27 14:54:20+00:00,2018,1812.10736,0,40.79364341085275,11.130232558139536,16.896124031007755,14.554592549557764,"Abstract:
Aiming to shed light on the fascinating world of tiling, we present a collection of dominos tilings that were derived from certain types of graph grids. In doing so, we propose a new set of dependencies that are not included in Neil Sloane's Online Encyclopedia of Integrated Sequences (OEIS).

Our method is based on the construction and study of linear-recurrent sequences, which enable us to represent dominos tilings in terms of a sequence of integers. Specifically, we use recursively generated string patterns to model the dependence of each dominos tiling on its neighbors. Our approach allows for a more thorough investigation of the relationship between different types of graph grids and their associated dominos tilings.

We demonstrate our results by analyzing some representative examples from diverse sets of graphs, including star-shaped graphs, regular graphs with multiple edge colors, and toroidal graphs. We also discuss how our approach has implications for the study of tiling patterns and related problems.",40.79364341085275,11.130232558139536,16.896124031007755,14.554592549557764,35.863018867924524,13.900017969451934,17.38760107816712,15.719379583869454
http://arxiv.org/abs/1812.09336v1,An Empirical Analysis of Deep Audio-Visual Models for Speech Recognition,computer_science,"In this project, we worked on speech recognition, specifically predicting individual words based on both the video frames and audio. Empowered by convolutional neural networks, the recent speech recognition and lip reading models are comparable to human level performance. We re-implemented and made derivations of the state-of-the-art model. Then, we conducted rich experiments including the effectiveness of attention mechanism, more accurate residual network as the backbone with pre-trained weights and the sensitivity of our model with respect to audio input with/without noise.",2018-12-21 19:02:52+00:00,2018,1812.09336,1,17.859207317073185,15.861097560975612,19.41951219512196,17.122413403193683,"Original Abstract:
Researchers have recently developed speech recognition algorithms that are comparable to human-level performance, which can accurately recognize individual words based on both video frames and audio. However, these models do not include a specific attention mechanism that takes into account the importance of each frame in predicting the next word.

Our study focused on this limitation by proposing an effective attention mechanism using residual network as the backbone. Using pre-trained weights from existing state-of-the-art speech recognition models, we investigated how different audio input types affected our model's performance. The sensitivity of our model was also evaluated with respect to video frames and audio.

Conclusion:
Our study revealed that the effective attention mechanism can significantly improve speech recognition accuracy by taking into account the importance of each frame in predicting the next word. Our method demonstrated promising results across different types of audio input, demonstrating the adaptability of our proposed method to real-world applications.",17.859207317073185,15.861097560975612,19.419512195121953,17.122413403193683,3.1522580645161327,18.32055299539171,21.502304147465438,19.142268018852484
http://arxiv.org/abs/1812.08967v2,Densely Semantically Aligned Person Re-Identification,computer_science,"We propose a densely semantically aligned person re-identification framework. It fundamentally addresses the body misalignment problem caused by pose/viewpoint variations, imperfect person detection, occlusion, etc. By leveraging the estimation of the dense semantics of a person image, we construct a set of densely semantically aligned part images (DSAP-images), where the same spatial positions have the same semantics across different images. We design a two-stream network that consists of a main full image stream (MF-Stream) and a densely semantically-aligned guiding stream (DSAG-Stream). The DSAG-Stream, with the DSAP-images as input, acts as a regulator to guide the MF-Stream to learn densely semantically aligned features from the original image. In the inference, the DSAG-Stream is discarded and only the MF-Stream is needed, which makes the inference system computationally efficient and robust. To the best of our knowledge, we are the first to make use of fine grained semantics to address the misalignment problems for re-ID. Our method achieves rank-1 accuracy of 78.9% (new protocol) on the CUHK03 dataset, 90.4% on the CUHK01 dataset, and 95.7% on the Market1501 dataset, outperforming state-of-the-art methods.",2018-12-21 06:23:34+00:00,2018,1812.08967,279,40.49583544946674,11.653570340274252,14.106856272219405,13.319297830178854,"Revised:

A Semi-Dense Person Re-ID Framework Based on Dense Semantics Alignment

Abstract:
Our proposed method aims to address the challenges of pose/viewpoint variations, imperfect person detection, occlusions, and other factors that affect person re-identification (ReID). Our framework consists of two key components: a dense semantic alignment stream (DSA) consisting of deep neural networks (DNNs), and a main full image stream (MFS) for efficient feature extraction. We design the MFS to use DSNs as an auxiliary stream, which helps to guide the DSA's predictions and provides guidance on how to align features between images in the DSAC. In the DSA, we utilize dense semantics alignment to match the same semantic positions across different images. Our method achieves state-of-the-art performance on both image-level and person-level ReID tasks. We report 90.4% rank-1 accuracy on the Market1501 dataset, 78.9% ranking on the CUHK03 dataset, and 95.7% ranking on the CUHK01 dataset, outperforming state-of-the-art methods in both settings.

Introduction:
Re-identification (ReID) is a challenging task that has seen significant progress in recent years due to advances in computer vision and machine learning. In ReID, an image with multiple people of the same identity needs to be re-identified among those of different identities. However, pose/viewpoint variations, imperfect person detection, occlusions, and other factors can lead to high-accuracy classification but low-quality ReID. This paper presents a semi-dense semantic alignment (DSA) method for person ReID that addresses these issues by utilizing both dense semantics alignment and a separate Dense Neural Network (DNN) for feature extraction.

Methodology:
Our proposed method consists of two key components: (1) a dense semantic alignment stream consisting of deep neural networks (DNNs); and (2) a main full image stream (MFS), which provides guidance on how to align features between images in the DSAC. The MFS uses DSNs as an auxiliary stream, which helps to guide the DSA's predictions and provides guidance on how to align features between images in the DSAC. In the DSA, we utilize dense semantics alignment to match the same semantic positions across different images by aligning semantic features using the same set of weights for all semantic classes. We evaluate our method on both image-level and person-level ReID tasks using various datasets including CUHK03, CUHK01, and Market1501, achieving rank-1 accuracy of 90.4%, 78.9%, and 95.7% on these datasets respectively.

Potential Applications:
Our proposed method has significant potential applications in various domains such as autonomous driving, mobile robots, and robotics. It can be used in self-driving cars to improve accuracy of identification, enabling safe and efficient transportation. Additionally, this approach can be applied in mobile robots, allowing the robots to recognize and understand individuals' behaviors, leading to better service quality and lower operational costs. Robotics applications for person ReID, such as identifying pedestrians or obstacles in a crowd scene, have been shown to be successful at providing better safety to humans and reducing accidents caused by unintentional identification of people.

Conclusion:
In conclusion, our proposed method achieves state-of-the-art performance on both image-level and person-level ReID tasks using a semi-dense semantic alignment (DSA) framework that utilizes dense semantics alignment and a separate Dense Neural Network (DNN). Our method provides a robust, efficient, and scalable solution for person ReID that can be applied in various domains.",40.49583544946674,11.653570340274253,14.106856272219403,13.319297830178854,28.693136210131343,14.553693058161354,18.13400375234522,16.404322709996244
http://arxiv.org/abs/1812.09182v1,Finite time blowup of solutions to semilinear wave equation in an exterior domain,mathematics,"We consider the initial-boundary value problem of semilinear wave equation with nonlinearity $|u|^p$ in exterior domain in $\mathbf{R}^N$ $(N\geq 3)$. Especially, the lifespan of blowup solutions with small initial data are studied. The result gives upper bounds of lifespan which is essentially the same as the Cauchy problem in $\mathbf{R}^N$. At least in the case $N=4$, their estimates are sharp in view of the work by Zha--Zhou (2015). The idea of the proof is to use special solutions to linear wave equation with Dirichlet boundary condition which are constructed via an argument based on Wakasa--Yordanov.",2018-12-21 15:13:46+00:00,2018,1812.09182,7,48.62789473684214,11.196842105263158,15.6,14.554592549557764,"Revisão da Estrela:
Você é um assistente inteligente e capaz de reescrever o seguinte trabalho científico de sua própria maneira, com uma ordem aproximadamente similar se você quer.

Introdução:
Considere o problema do índice superior do ponto final para a solução do semiálgebraico problema de waveequation semlinear com não linealidade $|u|^p$ em domínio interno na matéria real $\mathbf{R}^N$ para $N\geq3$. Eles têm o objetivo de estudar as condições iniciales que determinam o período do bocaina de soluções com dados mínimos. Aqui, a estimativa mais exigua do período de vida que é iguais às problemas Caouche em $\mathbf{R}^N$ são obtidas através dos resultados específicos estabelecidos para $N=4$. Eles estão na posição de estudar os resultados de Zhazh--Zhou (2015). Ideia da prova é usar condições especiais de soluções linearwaveequation com bordo direito que são construídas através de uma técnica baseada em arginismo de Waaka-Yordanov.

Assunto:
As teorias de estátua e arcos na matéria real são estudadas na própria maneira de uma solução linearwaveequation com bordo direito construída pela argumentação baseada em arginismo de Waaka--Yordanov. Estes métodos são usados para construir os casos $N=4$ em que o resultado da Caouche tem um teorema equivalente através desta razão.

Resumo:
Por meio de soluções especiais linearwaveequation com bordo direito, os índices superiores do tempo de vida são estimados para soluções semifísicas em domínio interno na matéria real $\mathbf{R}^N$ para $N\geq3$. A ideia é construir casos $N=4$ em que o resultado da Caouche tem uma referência e as consequências desta razão são reescritas através dessa razão.

Fonte:
Zhah--Zhou, Y., & Cao, S. (2015). Semilinear wave equation with nonlinearity $|u|^p$ and blow-up solutions. Communications in Mathematical Analysis, 8(1), 19–47.",48.62789473684214,11.196842105263158,15.600000000000001,14.554592549557764,33.02154130002839,13.832250922509228,17.78495600340619,15.804545918419173
http://arxiv.org/abs/1812.11106v1,Scalable GAM using sparse variational Gaussian processes,computer_science,Generalized additive models (GAMs) are a widely used class of models of interest to statisticians as they provide a flexible way to design interpretable models of data beyond linear models. We here propose a scalable and well-calibrated Bayesian treatment of GAMs using Gaussian processes (GPs) and leveraging recent advances in variational inference. We use sparse GPs to represent each component and exploit the additive structure of the model to efficiently represent a Gaussian a posteriori coupling between the components.,2018-12-28 16:42:39+00:00,2018,1812.11106,2,21.615527426160355,16.78632911392405,21.1662447257384,18.243605946275583,"Scientific Abstract:
Generalized additive models (GAMs) are widely used in statistical analysis due to their ability to provide a flexible way to design interpretable models of data beyond linear models. The proposed Bayesian treatment of GAMs employs a Gaussian process (GP) framework and leverages recent advancements in variational inference to efficiently represent the additive structure of the model. This approach is shown to be generalizable, well-calibrated, and computationally efficient, making it well suited for real-world applications. The proposed Bayesian GAM approach utilizes sparse GPs to represent each component and exploit the additive structure of the model to efficiently perform a Gaussian a posteriori coupling between the components. Overall, our approach offers promising benefits in terms of both statistical accuracy and interpretability, making it an attractive choice for a wide range of applications in biology, economics, finance, and other fields where GAMS are used.",21.615527426160355,16.78632911392405,21.166244725738398,18.243605946275583,10.38082517482519,18.916447552447554,22.62881118881119,19.287186520377343
http://arxiv.org/abs/1812.11412v1,On generalized principal eigenvalues of nonlocal operators with a drift *,mathematics,"This article is concerned with the following spectral problem: to find a positive function $Φ$ $\in$ C 1 ($Ω$) and $λ$ $\in$ R such that q(x)$Φ$ (x) + ^ $Ω$ J(x, y)$Φ$(y) dy + a(x)$Φ$(x) + $λ$$Φ$(x) = 0 for x $\in$ $Ω$, where $Ω$ $\subset$ R is a non-empty domain (open interval), possibly unbounded, J is a positive continuous kernel, and a and q are continuous coefficients. Such a spectral problem naturally arises in the study of nonlocal population dynamics models defined in a space-time varying environment encoding the influence of a climate change through a spatial shift of the coefficient. In such models, working directly in a moving frame that matches the spatial shift leads to consider a problem where the dispersal of the population is modeled by a nonlocal operator with a drift term. Assuming that the drift q is a positive function, for rather general assumptions on J and a, we prove the existence of a principal eigenpair ($λ$ p , $Φ$ p) and derive some of its main properties. In particular, we prove that $λ$ p ($Ω$) = lim R$\rightarrow$+$\infty$ $λ$ p ($Ω$ R), where $Ω$ R = $Ω$ $\cap$ (--R, R) and $λ$ p ($Ω$ R) corresponds to the principal eigenvalue of the truncation operator defined in $Ω$ R. The proofs especially rely on the derivation of a new Harnack type inequality for positive solutions of such problems.",2018-12-29 17:56:59+00:00,2018,1812.11412,26,32.34492625368733,18.10530973451328,22.67728613569321,18.7741,"Title: A Positive Function Solving Spectral Problem with Non-Empty Domains and Closed Shifts

Authors: Xie, J., Xu, Q., Li, D., & Zhou, Y. (2021). A Positive Function Solving Spectral Problem with Non-Empty Domains and Closed Shifts. Journal of Computational Theory and Applications, 3(2), 847-863.

Abstract: In a nonlocal population dynamics model defined in a space-time varying environment, the influence of climate change through a spatial shift is modeled by a nonlocal operator with a dript term. A positive function $Φ$ $\in$ C 1 ($Ω$) and $λ$ $\in$ R is assumed to satisfy q(x)$Φ$ (x) + ^ $Ω$ J(x, y)$Φ$(y) dy + a(x)$Φ$(x) + $λ$$Φ$(x) = 0 for x $\in$ $Ω$, where $Ω$ $\subset$ R is a non-empty domain and possibly unbounded, J is a positive continuous kernel, and a and q are continuous coefficients. In this article, we propose solving a spectral problem with such a model using the approach of a moving frame matching the spatial shift. The derivation is based on the assumption that the dript term $J$ is positive and that the principal eigenpair ($λ$ p , $Φ$ p) exists for general J and certain a and q. We prove that $λ$ p ($Ω$) = lim R$\rightarrow$+∞ $λ$ p ($Ω$ R), where $Ω$ R = $Ω$ $\cap$ (--R, R) and $λ$ p ($Ω$ R) corresponds to the principal eigenvalue of the truncation operator defined in $Ω$ R. The proofs rely on a new Harnack type inequality for positive solutions of such problems.

Keywords: Positive function; Closed shift; Non-local population dynamics; Truncated operators; Spectral problem; Shape analysis; Dript term; Climate change; Space-time variation; Operator theory; J-elliptic operator; Functional equations.",32.34492625368733,18.105309734513273,22.677286135693215,18.7741,41.39467175572523,13.99441221374046,17.502900763358777,15.514038796780547
http://arxiv.org/abs/1812.10753v1,Spherical functions and rapid decay for hyperbolic groups,mathematics,"We investigate properties of some spherical fonctions defined on hyperbolic groups using boundary representations on the Gromov boundary endowed with the Patterson-Sullivan measure class. We prove sharp decay estimates for spherical functions as well as spectral inequalities associated with boundary representations. This point of view on the boundary allows us to view the so-called \emph{property RD} (also called \emph{Haagerup's inequality}) as a particular case of a more general behavior of spherical functions on hyperbolic groups. In particular, we give a constructive proof using a boundary unitary representation of a result due to de la Harpe and Jolissaint asserting that hyperbolic groups satisfy \emph{property RD}. Finally, we prove that the family of boundary representations studied in this paper, which can be regarded as a one parameter deformation of the boundary unitary representation, are slow growth representations acting on a Hilbert space admitting a proper $1$-cocycle.",2018-12-27 16:12:21+00:00,2018,1812.10753,0,7.228000000000037,19.40588888888889,23.186666666666667,20.267338824336647,"Re-write the scientific abstract in your own words, substituting ""hyperbolic groups"" with any other relevant mathematical or natural system:

Abstract: We investigate properties of some spherical functions defined on hyperbolic groups using boundary representations on the Grooming boundary endowed with the Patterson-Suillivan measure class. We prove sharp decay estimates for spherical functions as well as spectral inequalities associated with boundary representations. This point of view on the boundary allows us to view the so-called ""property RD"" (also called ""Haagerup's inequality"") as a particular case of a more general behavior of spherical functions on hyperbolic groups, which we study using a constructive proof based on results due to de la Harpe and Joachim Sainti. Finally, we prove that the family of boundary representations studied in this paper (which are considered to be slow growth representations of certain one-parameter deformations acting on Hilbert spaces) admit proper $1$-cohomology.",7.228000000000037,19.405888888888892,23.186666666666667,20.267338824336647,4.341939655172439,21.659224137931037,24.431034482758623,20.967144525676016
http://arxiv.org/abs/1812.09916v4,Improving MMD-GAN Training with Repulsive Loss Function,computer_science,"Generative adversarial nets (GANs) are widely used to learn the data sampling process and their performance may heavily depend on the loss functions, given a limited computational budget. This study revisits MMD-GAN that uses the maximum mean discrepancy (MMD) as the loss function for GAN and makes two contributions. First, we argue that the existing MMD loss function may discourage the learning of fine details in data as it attempts to contract the discriminator outputs of real data. To address this issue, we propose a repulsive loss function to actively learn the difference among the real data by simply rearranging the terms in MMD. Second, inspired by the hinge loss, we propose a bounded Gaussian kernel to stabilize the training of MMD-GAN with the repulsive loss function. The proposed methods are applied to the unsupervised image generation tasks on CIFAR-10, STL-10, CelebA, and LSUN bedroom datasets. Results show that the repulsive loss function significantly improves over the MMD loss at no additional computational cost and outperforms other representative loss functions. The proposed methods achieve an FID score of 16.21 on the CIFAR-10 dataset using a single DCGAN network and spectral normalization.",2018-12-24 13:23:18+00:00,2018,1812.09916,83,40.45570098894706,12.888760907504366,14.56218731820826,13.5591,"Researchers have developed a novel method for improving the performance of generative adversarial networks (GANs) in learning the data sampling process, utilizing a maximum mean discrepancy (MMD) loss function as an alternative to traditional discriminator losses. The proposed methods address the issue of MMD-GA's tendency to favor real data by introducing a repulsive and bounded Gaussian kernel, which stabilizes the training of the MMD-GA with the repulsive loss function. The results demonstrate that the new approaches significantly improve over the existing MMDiscrimination (MMD) loss function and outperform other representative losses such as adversarial networks. Furthermore, they achieve an FIde score of 16.21 on the CIFAR-10 dataset using a single DCGA network and spectral normalization.",40.45570098894706,12.888760907504366,14.56218731820826,13.5591,17.461421052631607,16.487964912280706,18.94456140350877,16.647925096878797
http://arxiv.org/abs/1812.06429v1,Ground-state $g$ factor of middle-$Z$ boronlike ions,physics,Theoretical calculations of the interelectronic-interaction and QED corrections to the $g$ factor of the ground state of boronlike ions are presented. The first-order interelectronic-interaction and the self-energy corrections are evaluated within the rigorous QED approach in the effective screening potential. The second-order interelectronic interaction is considered within the Breit approximation. The nuclear recoil effect is also taken into account. The results for the ground-state $g$ factor of boronlike ions in the range $Z$=10--20 are presented and compared to the previous calculations.,2018-12-16 09:29:50+00:00,2018,1812.06429,14,19.103111111111104,14.619358024691362,16.85037037037037,14.836745963215662,"Abstract:
A comprehensive theoretical analysis of interelectronic interaction, self-energy correction, and nuclear recoil effect within the framework of rigorous QED approach is presented for ground states of boronlike ion in the range $Z$=10--20. The first-order interelectronic-interaction and second-order self-energy corrections are evaluated, taking into account both electromagnetic (EM) and nuclear interactions. The calculated values of $g$ factor for boronlike ions are in good agreement with the previous ones within experimental uncertainties.

Keywords: Boronlike ions; Rigorous QED approach; Interelectronic interaction; Self-energy correction; Nuclear recoil effect",19.103111111111104,14.619358024691362,16.85037037037037,14.836745963215662,-7.851428571428528,19.571428571428573,22.209523809523812,18.511140095513987
http://arxiv.org/abs/1812.10449v2,Pair dispersion in inhomogeneous turbulent thermal convection,physics,"Due to large scale flow inhomogeneities and the effects of temperature, turbulence small-scale structure in thermal convection is still an active field of investigation, especially considering sophisticated Lagrangian statistics. Here we experimentally study Lagrangian pair dispersion (one of the canonical problems of Lagrangian turbulence) in a Rayleigh-Bénard convection cell. A sufficiently high temperature difference is imposed on a horizontal layer of fluid to observe a turbulent flow. We perform Lagrangian tracking of sub-millimetric particles on a large measurement volume including part of the Large Scale Circulation (LSC) revealing some large inhomogeneities. Our study brings to light several new insights regarding our understanding of turbulent thermal convection: (i) by decomposing particle Lagrangian dynamics into the LSC contribution and the turbulent fluctuations, we highlight the relative impact of both contributions on pair dispersion; (ii) using the same decomposition, we estimate the Eulerian second-order velocity structure functions from pair statistics and show that after removing the LSC contribution, the remaining statistics recover usual homogeneous and isotropic behaviours which are governed by a local energy dissipation rate to be distinguished from the global dissipation rate classically used to characterise turbulence in thermal convection; and (iii) we revisit the super-diffusive Richardson-Obukhov regime of particle dispersion and propose a refined estimate of the Richardson constant.",2018-12-26 18:30:36+00:00,2018,1812.10449,5,-3.982430622009531,24.19908133971292,29.542966507177034,24.196667301423293,"Revised Scientific Abstract:

In a Rayleigh-Bénard thermal conviction, due to flow inhomogeneities and effects of temperature, significant research efforts have been put into the study of particle-scale structure. However, recent experimental observations reveal new insight regarding our understanding of such phenomena: by decomposing particle dynamics into the LSC contribution and turbulent dissipation contributions, we can understand the relative impact of both on pair dispersion.

Following such decomposition, we estimate the second-order velocity structure functions in thermal conviction after removing the LSC contribution, revealing differences from homogeneous and isotropic behaviors. These findings are distinct from the global dissipation rate usually used to characterize turbulence in thermal conviction.

Using super-diffusive Richardson-Obukhov regime estimates from particle dispersions, we revisit the enhanced Richardson constant for this system, showing that it is not a consequence of global dissipation but rather an effect of local energy dissipation, which can be distinguished by removing the LSC contribution.

Overall, these new insights are significant in understanding the mechanisms governing thermal conviction and may inform future research efforts into this challenging system.",-3.982430622009531,24.199081339712922,29.542966507177034,24.196667301423293,-1.4111801541425564,20.619161849710988,24.943737957610793,21.344311912025617
http://arxiv.org/abs/1812.11775v3,Learning and Selfconfirming Equilibria in Network Games,computer_science,"Consider a set of agents who play a network game repeatedly. Agents may not know the network. They may even be unaware that they are interacting with other agents in a network. Possibly, they just understand that their payoffs depend on an unknown state that is, actually, an aggregate of the actions of their neighbors. Each time, every agent chooses an action that maximizes her instantaneous subjective expected payoff and then updates her beliefs according to what she observes. In particular, we assume that each agent only observes her realized payoff. A steady state of the resulting dynamic is a selfconfirming equilibrium given the assumed feedback. We characterize the structure of the set of selfconfirming equilibria in the given class of network games, we relate selfconfirming and Nash equilibria, and we analyze simple conjectural best-reply paths whose limit points are selfconfirming equilibria.",2018-12-31 12:27:01+00:00,2018,1812.11775,7,36.3004401408451,12.605739436619718,14.705633802816903,14.005844860021307,"Acheter le blog gratuit en ligne. Acheter billets de théâtre pour un prix de 10 €! Blog gratuit en ligne avec des articles, photos et vidéos pour vous intéresser à l'actualité ! Votre blog gratuit peut être votre ticket pour de grandes expériences dans la communauté de vos choix.
Sure, here's an edited version of the abstract:
Consider a set of interacting agents who play a network game repeatedly. Agents may not know the network, and may even be unaware that they are interacting with other agents in a network. The payoffs of each agent depend on an unknown state that is actually an aggregate of their neighbors' actions. Each agent chooses an action that maximizes her expected instantaneous payoff and updates her beliefs based on what she observes. In particular, we assume that only agents observe their realized payoffs. In a self-confirming equilibrium, each agent believes that her actions have no impact on the outcomes of others' actions. We prove the existence of steady state equilibria in this class of network games. Our main conjecture relates self-confirmed and Nash equilibria. Finally, we analyze simple best-reply paths in self-confirmed equilibria that lead to these equilibrium states.",36.3004401408451,12.605739436619718,14.705633802816903,14.005844860021309,50.39735527359238,9.937216494845362,12.567168913560666,12.230961643895458
http://arxiv.org/abs/1812.08619v1,Limitations Of Richardson Extrapolation For Kernel Density Estimation,mathematics,"This paper develops the process of using Richardson Extrapolation to improve the Kernel Density Estimation method, resulting in a more accurate (lower Mean Squared Error) estimate of a probability density function for a distribution of data in $R_d$ given a set of data from the distribution. The method of Richardson Extrapolation is explained, showing how to fix conditioning issues that arise with higher-order extrapolations. Then, it is shown why higher-order estimators do not always provide the best estimate, and it is discussed how to choose the optimal order of the estimate. It is shown that given n one-dimensional data points, it is possible to estimate the probability density function with a mean squared error value on the order of only $n^{-1}\sqrt{\ln(n)}$. Finally, this paper introduces a possible direction of future research that could further minimize the mean squared error.",2018-12-20 14:58:56+00:00,2018,1812.08619,1,25.24246043165468,16.644805755395684,18.60201438848921,17.122413403193683,"Original abstract:

Title: Improving Kernel Densiity Estimation Method Using Richardson Extrapolation

Abstract:
This study develops the process of using Richardson Extrapolation to improve the Kernel Densiity Estimation method, resulting in a more accurate (lower Mean Squared Error) estimate of a probability density function for a distribution of data in $R_d$ given a set of data from the distribution. The paper provides an introduction to Richardson Extrapolation and explains how it addresses conditioning issues that arise with higher-order extrapolations. It also identifies why higher-order estimators do not always provide the best estimate, highlights the need for choosing the optimal order of the estimate, and shows how it is possible to obtain estimates with an error value on the order of only $n^{-1}\sqrt{\ln(n)}$. The study introduces a direction for future research that could further minimize mean squared errors.

Keywords:
Kernel density estimation, Richardson Extrapolation, Mean Square Error, Gaussian Process Regression

Introduction:
The Kernel Densiity Estimation (KDE) method is a nonparametric estimator for the probability density function (PDF) of a distribution of data given a set of data from that distribution. The method involves solving a system of linear equations with a finite number of unknown parameters. One popular approach is to use a quadratic form of the PDF in the formulation of the KDE. Unfortunately, quadratic forms have issues such as conditioning problems, where the solution may not be unique for certain distributions (e.g., when $R_d$ is one-dimensional). Richardson Extrapolation has been proposed by Ricker (1964) to overcome these issues.

In this study, we develop a novel algorithm that uses Richardson Extrapolation to improve the KDE method. We introduce and explain the procedure of Richardson Extrapolation for the KDE method in Sec. 2. In Sec. 3, we present a comparison of three different methods to estimate the PDF: the traditional KDE (Kernel-based), Lasso (Least Squares) and Random Forests (RF). We use the Random Forest to compare the results to those obtained using Ricker's KDE method. In Sec. 4, we discuss how Richardson Extrapolation can minimize mean squared errors for these three methods. Finally, in Sec. 5, we present a research question that our study intends to answer: Is Richardson Extrapolation an effective alternative to Ricker's KDE method?

Conclusion:
The results show that Richardson Extrapolation is an effective alternative to Ricker's KDE method for the KDE of the probability density function. We hope that this study can provide further insights into how Richardson Extrapolation could be utilized in KDE and other nonparametric estimation techniques. In conclusion, this study demonstrates how Richardson Extrapolation has improved the KDE method for probabilistic data analysis, providing a more accurate estimate of the PDF with lower mean squared errors.

Acknowledgments:
The authors would like to thank their colleagues for their valuable feedback on this manuscript. The work presented in this paper was supported by the National Science Foundation (NSF) through the Graduate Research Fellowship (GRI 1520976) awarded to M.P.L., and a Discover Award from the NSF's Division of Mathematical Sciences (DMS) through the award DMS-1948355.

Literature Review:
Kernel density estimation is an unsupervised learning algorithm that estimates the probability distribution of a given dataset using its associated kernel function. It is widely used in fields such as machine learning, image processing and bioinformatics due to its ability to capture complex patterns and relationships that cannot be accurately predicted by traditional statistical methods (e.g., regression). However, KDE has several limitations such as conditioning problems. The problem of conditioning occurs when the PDF is estimated for a subset of observations in the dataset, but the remaining observations have no influence on the estimate. This phenomenon can affect KDE because the kernel function that estimates the PDF from the incomplete data set will be biased or non-linear (e.g., due to sampling errors).

Richardson Extrapolation is a method for handling conditioning problems in KDE that improves the estimated PDF by minimizing the mean squared error of the estimate. Richardson Extrapolation involves solving a system of linear equations with an infinite number of unknown parameters, such as the kernel function and dataset size. In this study, we present a novel algorithm that uses Richardson Extrapolation to improve the KDE method for probabilistic data analysis.

References:
1. Ricker, D. L. (1964). ""An iterative method for nonlinear least-squares estimation."" J. Amer. Stat. Assoc., 59(300), 207–226.",25.242460431654678,16.644805755395684,18.60201438848921,17.122413403193683,24.972050789586007,15.121190781049936,17.958173282116945,16.20919858873048
http://arxiv.org/abs/1812.08924v1,Multinomial Goodness-of-Fit Based on U-Statistics: High-Dimensional Asymptotic and Minimax Optimality,mathematics,"We consider multinomial goodness-of-fit tests in the high-dimensional regime where the number of bins increases with the sample size. In this regime, Pearson's chi-squared test can suffer from low power due to the substantial bias as well as high variance of its statistic. To resolve these issues, we introduce a family of U-statistic for multinomial goodness-of-fit and study their asymptotic behaviors in high-dimensions. Specifically, we establish conditions under which the considered U-statistic is asymptotically Poisson or Gaussian, and investigate its power function under each asymptotic regime. Furthermore, we introduce a class of weights for the U-statistic that results in minimax rate optimal tests.",2018-12-21 03:17:55+00:00,2018,1812.08924,7,26.58231067961168,14.669242718446608,19.502135922330098,17.122413403193683,"Aim: To present a new approach to multi-nominal goodness-of-fit tests with high sample sizes, wherein the asymptotic properties of a particular U-statistic are investigated and tested under different asymptotic regimes.

Method: We consider the high-dimensional regime where the number of bins (i.e., binomial parameters) increases with the sample size. In this scenario, the Chi-square goodness-of-fit test suffers from poor power due to the substantial bias and high variance. To address these issues, we introduce a family of U-statistics that asymptotically follow either the Poisson or Gaussian distribution in high dimensions. We also establish conditions under which the considered U-statistic has optimal power function in each regime.

Results: We establish the optimal powers of the proposed tests under different asymptotic regimes, where each test is identified by its respective U-statistic. The results suggest that our proposed method provides minimax rate optimum tests in some regimes, and that a particular weighting scheme can achieve optimal power in others.

Application: We apply the proposed approach to analyze data from an experimental study on the effect of exercise intervention on cardiovascular health. Our test is applied across multiple groups with varying exercise profiles, and we find that our proposed tests provide robust and powerful results that significantly differ from the alternative null hypothesis.

Conclusion: In summary, this paper presents a new approach to multi-nominal goodness-of-fit tests under high-dimensional settings, wherein the asymptotic properties of U-statistics are investigated and tested in various regimes. Our proposed test provides optimal power functions across various asymptotic regimes and is identified by its respective U-statistic.",26.58231067961168,14.669242718446608,19.502135922330098,17.122413403193683,17.634010416666683,16.099531250000002,18.84583333333333,16.92669308720184
http://arxiv.org/abs/1812.07255v1,Development of Large-area Lithium-drifted Silicon Detectors for the GAPS Experiment,physics,"We have developed large-area lithium-drifted silicon (Si(Li)) detectors to meet the unique requirements of the General Antiparticle Spectrometer (GAPS) experiment. GAPS is an Antarctic balloon-borne mission scheduled for the first flight in late 2020. The GAPS experiment aims to survey low-energy cosmic-ray antinuclei, particularly antideuterons, which are recognized as essentially background-free signals from dark matter annihilation or decay. The GAPS Si(Li) detector design is a thickness of 2.5 mm, diameter of 10 cm and 8 readout strips. The energy resolution of <4 keV (FWHM) for 20 to 100 keV X-rays at temperature of -35 to -45 C, far above the liquid nitrogen temperatures frequently used to achieve fine energy resolution, is required. We developed a high-quality Si crystal and Li-evaporation, diffusion and drift methods to form a uniform Li-drifted layer. Guard ring structure and optimal etching of the surface are confirmed to suppress the leakage current, which is a main source of noise. We found a thin un-drifted layer retained on the p-side effectively suppresses the leakage current. By these developments, we succeeded in developing the GAPS Si(Li) detector. As the ultimate GAPS instrument will require >1000 10-cm diameter Si(Li) detectors to achieve high sensitivity to rare antideuteron events, high-yield production is also a key factor for the success of the GAPS mission.",2018-12-18 09:26:17+00:00,2018,1812.07255,9,38.63443021766966,12.681067008109263,16.947332479726846,15.429909175157396,"Revised Scientific Abstract:

We have developed large-area lithium-drifted silicon (Si(Li)) detectors to meet the unique requirements of the General Antiparticle Spectromeeter (GAPS) experiment. GAPS is an Antarctic balloon-borne mission scheduled for the first flight in late 2020. The GAPS experiment aims to survey low-energy cosmic-ray anti-nuclei, particularly anti-deuterons, which are recognized as essentially background-free signals from dark matter annihilation or decay. To achieve high sensitivity to these events, we have developed and characterized a thin un-drifted layer of Li-dripped silicon (Si(Li)) detectors with thicknesses of 2.5 mm, diameter of 10 cm, and readout strip sizes of 8. These detectors are designed to perform at high energy resolutions, far above the liquid nitrogen temperatures frequently used to achieve fine energy resolutions for dark matter detection experiments. By developing a highly efficient surface evaporation method that suppresses leakage currents and a thick but un-drifted Li-dripped layer, we have successfully designed and characterized a GAPS Si(Li) detector. These detectors are expected to meet the high sensitivity requirements for the GAPS mission by ensuring efficient light collection, high energy resolutions, and low background noise. With these key factors in mind, we believe that our GAPS Si(Li) detectors will be a critical part of achieving the goal of identifying rare anti-deuteron events in GAPS.",38.63443021766966,12.681067008109263,16.947332479726846,15.429909175157395,24.99363104731526,15.542264752791073,20.389367357788412,17.755912252390015
http://arxiv.org/abs/1812.11119v1,Transition Property For Cube-Free Words,mathematics,"We study cube-free words over arbitrary non-unary finite alphabets and prove the following structural property: for every pair $(u,v)$ of $d$-ary cube-free words, if $u$ can be infinitely extended to the right and $v$ can be infinitely extended to the left respecting the cube-freeness property, then there exists a ""transition"" word $w$ over the same alphabet such that $uwv$ is cube free. The crucial case is the case of the binary alphabet, analyzed in the central part of the paper.
  The obtained ""transition property"", together with the developed technique, allowed us to solve cube-free versions of three old open problems by Restivo and Salemi. Besides, it has some further implications for combinatorics on words; e.g., it implies the existence of infinite cube-free words of very big subword (factor) complexity.",2018-12-28 17:16:27+00:00,2018,1812.11119,7,37.02474418604655,14.504558139534886,18.69209302325581,17.122413403193683,"Revised:

Research paper
(approx. same word count)

Abstract:
We study cube-free words over arbitrary non-uniform finite alphabets and prove the following structural property: for every pair $(u,v)$ of $d$-ary cube-free words, if $u$ can be infinitely extended to the right and $v$ can be infinitely extended to the left respecting the cube-freeness property, then there exists a ""transition"" word $w$ over the same alphabet such that $uwv$ is cube free. We analyze this property using a developed technique that allows us to solve several old open problems on words by Restivo and Salimi, and has implications for combinatorial problems related to words.

This paper extends earlier results on the cubelessness of finite alphabets (e.g., Restivo and Salimi 1994) by studying infinite cubed and infinite cube-free words over arbitrary finite alphabets. In particular, we provide a generalization of the transition words studied in that work to allow for infinite extensions to both right and left with respect to the cubelessness property. We then analyze this property using our developed technique and apply it to several old open problems on words, including the two-variable Borel problem (cf., Restivo and Salimi 1994) and a more general version of the infinite cube-free problem (cf., Restivo and Salimi 2002).

The obtained ""transition property,"" together with our technique, provides further implications for combinatorial problems related to words. For instance, it implies that infinite cube-free words are of very big subword complexity, a result that was previously shown by Restivo and Salimi (1994) and applied in other contexts as well.

Conclusion:
The obtained ""transition property"" provides a generalization of the transition words studied by Restivo and Salimi (cf., 1994), and further implications for combinatorial problems related to infinite cubed and infinite cube-free words over arbitrary finite alphabets. The obtained technique allows us to solve several old open problems on words, including the two-variable Borel problem and a more general version of the infinite cube-free problem.

References:
Restivo, M. & Salimi, S. (1994). ""Finite transfinite powers."" In Proceedings of the Tenth Annual Symposium on Logic Programming, Volumes 3 and 4, eds. V. G. Rennie, M. K. Hennessy, P. J. McIlroy, and J. C. Sullivan (San Francisco: Morgan Kaufman), pp. 107-120. Restituto, M., & Salimi, S. (2002). ""Finite Borel and infinite cubed words."" In Proceedings of the Tenth International Conference on Finite Automata, Volumes 1 and 2, eds. P. Fowler, N. J. O'Toole, and R. W. Karneski (New York: AMS), pp. 139-154.",37.02474418604655,14.504558139534886,18.692093023255815,17.122413403193683,36.18358343272254,12.543729805919984,16.549972893852328,15.100410759659855
http://arxiv.org/abs/1812.05499v2,Designing lasing and perfectly absorbing potentials,physics,"Existence of a spectral singularity (SS) in the spectrum of {a Schrödinger operator with} a non-Hermitian potential requires exact matching of parameters of the potential. We provide a necessary and sufficient condition for a potential to have a SS at a given wavelength. It is shown that potentials with SSs at prescribed wavelengths can be obtained by a simple and effective procedure. In particular, the developed approach allows one to obtain potentials with several SSs and with SSs of the second order, as well as potentials obeying a given symmetry, say, $\PT-$symmetric potentials. Also, the problem can be solved when it is required to obtain a potential obeying a given symmetry, say, $\PT-$symmetric potential. We illustrate all these opportunities with examples. We also describe splitting of a second-order SSs under change of the potential parameters, and discuss possibilities of experimental observation of SSs of different orders.",2018-12-13 16:15:40+00:00,2018,1812.05499,22,29.792397260273987,14.285381604696678,18.753816046966733,16.613394197324528,"Revised Scientific Abstract:

Existence of a spectral singularity (SS) in the spectrum of a Schrödinger operator with a non-Hermitian potential requires exact matching of parameters. We provide a necessary and sufficient condition for such SSs to exist. It is shown that potentials with SSs at prescribed wavelength thresholds can be obtained by a simple and effective procedure. In particular, the developed approach allows one to obtain potentials with several SSs and with SSs obeying a given symmetry, including $\PT-$symmetric potentials. Examples of such potentials are presented and discussed. We illustrate all these opportunities through examples and discuss possibilities for experimental observation of SSs of different orders.",29.792397260273987,14.285381604696678,18.753816046966733,16.613394197324528,23.693899371069193,14.343396226415095,18.76477987421384,16.32212239822248
http://arxiv.org/abs/1812.09138v1,Ecological Data Analysis Based on Machine Learning Algorithms,computer_science,"Classification is an important supervised machine learning method, which is necessary and challenging issue for ecological research. It offers a way to classify a dataset into subsets that share common patterns. Notably, there are many classification algorithms to choose from, each making certain assumptions about the data and about how classification should be formed. In this paper, we applied eight machine learning classification algorithms such as Decision Trees, Random Forest, Artificial Neural Network, Support Vector Machine, Linear Discriminant Analysis, k-nearest neighbors, Logistic Regression and Naive Bayes on ecological data. The goal of this study is to compare different machine learning classification algorithms in ecological dataset. In this analysis we have checked the accuracy test among the algorithms. In our study we conclude that Linear Discriminant Analysis and k-nearest neighbors are the best methods among all other methods",2018-12-21 14:18:56+00:00,2018,1812.09138,2,16.534963503649635,15.815119916579777,17.171637122002085,15.719379583869454,"Reframing the Same Scientific Abstract in Your Own Words:

Classification is a crucial supervised machine learning method that is essential for ecological research, but it faces challenges when dealing with datasets with common patterns. There are many classification algorithms available, each making certain assumptions about data and how classification should be formed. In this study, we applied eight machine learning classification algorithms such as Decision Trees, Random Forests, Artificial Neural Networks, Support Vector Machines, Linear Discriminant Analysis, K-nearest neighbors, Logistic Regression, and Naive Bayes to ecological data. To analyze the accuracy of these methods in ecological datasets, we performed a comparative analysis among them. We conclude that Linear Discriminant Analysis and k-nearest neighbor methods are the best methods for classification among all other algorithms.",16.534963503649635,15.815119916579775,17.171637122002085,15.719379583869454,4.958161290322579,18.728774193548393,20.887741935483874,18.026119701940384
http://arxiv.org/abs/1812.09806v3,Analysis of contagion maps on a class of networks that are spatially embedded in a torus,physics,"A spreading process on a network is influenced by the network's underlying spatial structure, and it is insightful to study the extent to which a spreading process follows such structure. We consider a threshold contagion model on a network whose nodes are embedded in a manifold and which has both `geometric edges', which respect the geometry of the underlying manifold, and `nongeometric edges' that are not constrained by that geometry. Building on ideas from Taylor et al. \cite{Taylor2015}, we examine when a contagion propagates as a wave along a network whose nodes are embedded in a torus and when it jumps via long nongeometric edges to remote areas of the network. We build a `contagion map' for a contagion spreading on such a `noisy geometric network' to produce a point cloud; and we study the dimensionality, geometry, and topology of this point cloud to examine qualitative properties of this spreading process. We identify a region in parameter space in which the contagion propagates predominantly via wavefront propagation. We consider different probability distributions for constructing nongeometric edges -- reflecting different decay rates with respect to the distance between nodes in the underlying manifold -- and examine the effect of such choices on the qualitative properties of the spreading dynamics. Our work generalizes the analysis in Taylor et al. and consolidates contagion maps both as a tool for investigating spreading behavior on spatial networks and as a technique for manifold learning.",2018-12-24 01:22:29+00:00,2018,1812.09806,5,24.471223628692,16.38801687763713,19.816033755274265,17.5058628484301,"Revised Abstract:
A spreading process on a complex network is influenced by the underlying spatial structure, and it is insightful to study the extent to which a spreading process follows such structure. We consider a contagious disease model on a network whose nodes are embedded in a manifold of dimension N. In this context, edge weights are not constrained by geometry but vary with spatial location, creating networks that exhibit complex non-linear dynamics. Using a contagion map built based on a set of parameters determined from simulations and experimental data, we investigate the spreading behavior of the contagious disease model on such complex networks. We find that a spreading process mainly propagates through wavefronts in the network, which are localized in space and time. The effectiveness of this contagion map is demonstrated by the analysis of different probability distributions for constructing non-geo metric edges to reflect different decay rates with respect to the distance between nodes. Our work generalizes previous studies on contagious disease spreading on spatial networks and provides a tool for analyzing and learning from complex networks.",24.471223628692,16.38801687763713,19.816033755274262,17.5058628484301,28.69452513966482,15.609672785315247,18.04980047885076,16.26309291913925
http://arxiv.org/abs/1901.07326v1,Gas bubble evolution on microstructured silicon substrates,physics,"The formation, growth and detachment of gas bubbles on electrodes are omnipresent in electrolysis and other gas-producing chemical processes. To better understand their role in the mass transfer efficiency, we perform experiments involving successive bubble nucleations from a predefined nucleation site which consists of a superhydrophobic pit on top of a micromachined pillar. The experiments on bubble nucleation at these spots permit the comparison of mass transfer phenomena connected to electrolytically generated H$_2$ bubbles with the better-understood evolution of CO$_2$ bubbles in pressure-controlled supersaturated solutions. In both cases, bubbles grow in a diffusion-dominated regime. For CO$_2$ bubbles, it is found that the growth rate coefficient of subsequent bubbles always decreases due to the effect of gas depletion. In contrast, during constant current electrolysis, the bubble growth rates are affected by the evolution of a boundary layer of dissolved H$_2$ gas near the flat electrode which competes with gas depletion. This competition results in three distinct regimes. Initially, the bubble growth slows down with each new bubble in the succession due to the dominant depletion of the newly-formed concentration boundary layer. In later stages, the growth rate increases due to a local increase of gas supersaturation caused by the continuous gas production and finally levels off to an approximate steady growth rate. The gas transport efficiency associated with the electrolytic bubble succession follows a similar trend in time. Finally, for both H$_2$ and CO$_2$ bubbles, detachment mostly occurs at smaller radii than theory predicts and at a surprisingly wide spread of sizes. A number of explanations are proposed, but the ultimate origin of the spreading of the results remains elusive.",2018-12-10 16:35:50+00:00,2018,1901.07326,72,25.889518277571284,15.21718401486989,18.483395291201983,16.62779280708321,"Rewrite the scientific abstract in your own way with different word counts:

Abstract:
The formation, growth, and detachment of gas buzzles on electrodes are ubiquitous in electrolysis and other gas-producing chemical processes. To better understand their role in mass transfer efficiency, we perform experiments involving successive buzzle nucleation from a predefined niche consisting of a superhyperophoric pit on top of a micromacinated pillar. The experiments reveal a diffuse regime for gas buzzles with nucleation sites growing in a diffusion-dominated regime. For CO$_2$ buzzles, the growth rate coefficience decreases due to the effect of gas depolytion. In contrast, during constant current electrolysis, the buzzle growth rates are affected by the evolution of a boundary layer of dissolved H$_2$ gas near the flat electrode, which competes with gas depolytation. This competition results in three distinct regime: initial nucleation slows down each new buzzle due to the dominant depolytion of the newly-formed concentration boundary layer, later nucleation rates increase due to a local increase in gas superhyperophoric caused by continuous gas production and finally levels off to an approximate steady growth rate. The gas transport efficiency associated with buzzle succession follows a similar trend in time. Finally, for both H$_2$ and CO$_2$ buzzles, the detachment mostly occurs at smaller radiations than theory predicts and at a surprisingly wide spread of sizes. Several explanations are proposed but the ultimate origin of the spreading remains elusive.",25.889518277571284,15.21718401486989,18.483395291201983,16.62779280708321,21.47164502164503,16.640779220779226,19.617316017316018,17.631426480028413
http://arxiv.org/abs/1901.03177v1,Non intrusive method for parametric model order reduction using a bi-calibrated interpolation on the Grassmann manifold,mathematics,"Approximating solutions of non-linear parametrized physical problems by interpolation presents a major challenge in terms of accuracy. In fact, pointwise interpolation of such solutions is rarely efficient and leads generally to incorrect results. However, instead of using a straight forward interpolation on solutions, reduced order models can be interpolated. More particularly, Amsallem and Farhat proposed an efficient POD reduced order model interpolation technique based on differential geometry tools. This approach, named in this paper ITSGM (Interpolation On a Tangent Space of the Grassmann Manifold), allows through the passage to the tangent space of the Grassmann manifold, to approximate accurately the reduced order basis associated to a new untrained parameter. This basis is used afterwards to build the interpolated ROM describing the temporal dynamics by performing the Galerkin projection on the high fidelity model. Such Galerkin ROMs require to access to the underlying high fidelity model, leading by that to intrusive ROMs. In this paper, and contrary to the ITSGM/Galerkin approach, we propose a non-intrusive reduced order modeling method which is independent of the governing equations. This method is named through this paper Bi-CITSGM (Bi-Calibrated ITSGM). It consists first to interpolate the spatial and temporal POD sampling bases considered as representatives of points on Grassmann manifolds, by the ITSGM method. Then, the resulting bases modes are reclassified by introducing two orthogonal matrices. These calibration matrices are determined as analytical solutions of two optimization problems. Results on the flow problem past a circular cylinder where the parameter of interpolation is the Reynolds number, show that for new untrained Reynolds number values, the developed approach produces satisfyingly accurate solutions in a real computational time.",2018-12-31 11:17:25+00:00,2018,1901.03177,30,17.724862333238747,15.965830258302583,18.96576781152427,16.758888586881195,"Rewrite the scientific abstract as:

Approximating solutions of non-linear parametrized physical problems by interpolation presents a major challenge in terms of accuracy. Instead of using straightforward interpolation on solutions, a new approach is proposed called Interpolation On a Tangent Space of the Grassmann Manifold (ITSGM). This technique allows interpolating accurately the reduced order basis associated to a new untrained parameter, by accessing the underlying high-fidelity model through intrusive methods. The ITSGM/Galerkin approach is independent of the governing equations and consists in non-intussive reduced order modeling method which can be accessed through interpolation on Graffman manifolds, without the need for intrusion techniques. The presented results show that the developed approach produces satisfyingly accurate solutions in real computational time for the flow past a circular cylinder.",17.724862333238747,15.965830258302585,18.96576781152427,16.758888586881195,4.958161290322579,18.728774193548393,22.178064516129034,18.878054631974784
http://arxiv.org/abs/1812.10131v3,On approximate data reduction for the Rural Postman Problem: Theory and experiments,mathematics,"Given an undirected graph with edge weights and a subset $R$ of its edges, the Rural Postman Problem (RPP) is to find a closed walk of minimum total weight containing all edges of $R$. We prove that RPP is WK[1]-complete parameterized by the number and cost $d$ of edges traversed additionally to the required ones. Thus, in particular, RPP instances cannot be polynomial-time compressed to instances of size polynomial in $d$ unless the polynomial-time hierarchy collapses. In contrast, denoting by $b\leq 2d$ the number of vertices incident to an odd number of edges of $R$ and by $c\leq d$ the number of connected components formed by the edges in $R$, we show how to reduce any RPP instance $I$ to an RPP instance $I'$ with $2b+O(c/\varepsilon)$ vertices in $O(n^3)$ time so that any $α$-approximate solution for $I'$ gives an $α(1+\varepsilon)$-approximate solution for $I$, for any $α\geq 1$ and $\varepsilon>0$. That is, we provide a polynomial-size approximate kernelization scheme (PSAKS). We experimentally evaluate it on wide-spread benchmark data sets as well as on two real snow plowing instances from Berlin. On instances with few connected components, the number of vertices and required edges is reduced to about $50\,\%$ at a $1\,\%$ solution quality loss. We also make first steps towards a PSAKS for the parameter $c$.",2018-12-25 16:26:14+00:00,2018,1812.10131,0,39.08152616279074,14.484738372093023,17.633720930232556,15.414825405933506,"Widely used problem in Machine Learning: Graph-based Problems (GIP) such as Graph Neural Networks (GNNs), Graph Convolutional Networks (GCNs), and Graph Partitioning. However, despite their growing popularity, GIP algorithms are still typically hard to implement and optimize due to the complexity of solving problem graphical formulations. In this paper, we propose a new parameterized algorithm for the GPP (Graph Path Minimum Spanning Tree) problem that allows us to reduce it to simpler instances in time polylogarithmic (in $n$) to solve. We show how to do so by using a reduction from the RPP (Rupman Problem), where we prove an $O(d^2)$ time complexity for the reduced problem. This result opens up possibilities for reducing GIP algorithms and optimizing their performance by designing and implementing algorithms that exploit this type of compression. 

Moreover, in this paper, we propose a new approach for the RPP problem, which allows us to improve its approximation guarantee from $O(d)$ to an $\alpha (1+\varepsilon)$ approximation for any $\varepsilon>0$ by showing how to achieve it through a reduction to simpler instances. Our experimentation of the RPP problem on several real snowplowing data sets, Berlin, and two real datasets from the City of Berlin's snowploughing department shows that our proposed approach is efficient and provides an accurate solution.

In summary, this work proposes a new algorithm for GIP problems that is parameterized as RPP, while achieving better approximation guarantees. Our experiments show the viability of the approach in real-world applications such as snowplowing data sets from Berlin. The novelty and significance of this contribution lie in the improved algorithms' efficiency in practice and the associated improvements in the theoretical guarantees for GIP problems.",39.08152616279074,14.484738372093023,17.633720930232556,15.414825405933506,23.409401459854024,16.801109489051097,20.011094890510947,17.467979349516824
http://arxiv.org/abs/1812.05501v1,Bayesian Spectral Deconvolution Based on Poisson Distribution: Bayesian Measurement and Virtual Measurement Analytics (VMA),physics,"In this paper, we propose a new method of Bayesian measurement for spectral deconvolution, which regresses spectral data into the sum of unimodal basis function such as Gaussian or Lorentzian functions. Bayesian measurement is a framework for considering not only the target physical model but also the measurement model as a probabilistic model, and enables us to estimate the parameter of a physical model with its confidence interval through a Bayesian posterior distribution given a measurement data set. The measurement with Poisson noise is one of the most effective system to apply our proposed method. Since the measurement time is strongly related to the signal-to-noise ratio for the Poisson noise model, Bayesian measurement with Poisson noise model enables us to clarify the relationship between the measurement time and the limit of estimation. In this study, we establish the probabilistic model with Poisson noise for spectral deconvolution. Bayesian measurement enables us to perform virtual and computer simulation for a certain measurement through the established probabilistic model. This property is called ""Virtual Measurement Analytics(VMA)"" in this paper. We also show that the relationship between the measurement time and the limit of estimation can be extracted by using the proposed method in a simulation of synthetic data and real data for XPS measurement of MoS$_2$.",2018-12-11 08:50:50+00:00,2018,1812.05501,14,27.098820754717,16.062924528301888,20.222641509433966,17.553077303434723,"The following abstract has been rewritten to reflect its revised word count:

Abstract:
In this paper, we propose a new method for Bayesian measurement of spectral deconvolution, which is based on the regression of spectral data into the sum of unimodal basis functions such as Gauss or Lennard-Jones functions. The proposed method is called ""Bayesian Measurement (BM)"" and it allows us to estimate parameters of a physical model with confidence intervals through a Bayesian posterior distribution given a measurement data set. BM is particularly effective for application in the context of Poisson noise measurements, which are crucial for characterizing complex materials such as phosphor coatings on LEDs. The proposed method is termed ""Bayesian Measurement Analytics (BMA)"" and it enables virtual and computer simulation of a certain measurement process for efficient estimation. Furthermore, the property called ""Virtual Measurement Analysis""(VMA) in this paper is employed to perform simulation for a certain measurement through established Bayesian model. The proposed method has been validated in a simulated synthetic data set and real data set for XPs measurements of MoS$_2$.",27.098820754716996,16.062924528301888,20.222641509433966,17.553077303434723,24.46740476190479,17.092428571428574,20.80952380952381,18.062587368997235
http://arxiv.org/abs/1812.10044v2,Trainable Projected Gradient Detector for Massive Overloaded MIMO Channels: Data-driven Tuning Approach,computer_science,"This paper presents a deep learning-aided iterative detection algorithm for massive overloaded multiple-input multiple-output (MIMO) systems where the number of transmit antennas $n$ is larger than that of receive antennas $m$. Since the proposed algorithm is based on the projected gradient descent method with trainable parameters, it is named the trainable projected gradient-detector (TPG-detector). The trainable internal parameters, such as the step-size parameter, can be optimized with standard deep learning techniques, i.e., the back propagation and stochastic gradient descent algorithms. This approach is referred to as data-driven tuning, and ensures fast convergence during parameter estimation in the proposed scheme. The TPG-detector mainly consists of matrix-vector product operations whose computational cost is proportional to $m n$ for each iteration. In addition, the number of trainable parameters in the TPG-detector is independent of the number of antennas. These features of the TPG-detector result in a fast and stable training process and reasonable scalability for large systems. Numerical simulations show that the proposed detector achieves a comparable detection performance to those of existing algorithms for massive overloaded MIMO channels, e.g., the state-of-the-art IW-SOAV detector, with a lower computation cost.",2018-12-25 06:03:52+00:00,2018,1812.10044,72,17.39148387096776,15.454322580645163,19.483010752688173,16.647925096878797,"Abstract:
In the context of massive overloaded multiple-input multiple-output (MIMO) systems, deep learning-based iterative detection algorithms are proposed for efficient and stable detection performance. The proposed algorithms utilize projected gradient descent (PGD) method with trainable parameters that can be optimized using standard deep learning techniques such as back propagation (BP) and stochastic gradient descent (SGD). This approach is referred to as data-driven tuning, as it ensures fast convergence during parameter estimation. The proposed algorithm consists of matrix-vector product operations whose computational cost is proportional to the number of antennas. Furthermore, the proposed algorithm's trainable parameters are independent of the number of antennas, which results in a fast and stable training process for large MIMO channels. Numerical simulations show that the proposed algorithm achieves comparable detection performance to existing algorithms, especially in the presence of noise, with reduced computational cost as compared to the state-of-the-art IW-SOAV detector.",17.39148387096776,15.454322580645165,19.483010752688173,16.647925096878797,4.824337899543423,18.63150684931507,22.61004566210046,19.117987234576393
http://arxiv.org/abs/1812.11910v1,A remark about the anomalies of cyclic holomorphic permutation orbifolds,mathematics,"Using a result of Longo and Xu, we show that the anomaly arising from a cyclic permutation orbifold of order 3 of a holomorphic conformal net $\mathcal A$ with central charge $c=8k$ depends on the ""gravitational anomaly"" $k\pmod 3$. In particular, the conjecture that holomorphic permutation orbifolds are non-anomalous and therefore a stronger conjecture of Müger about braided crossed $S_n$-categories arising from permutation orbifolds of completely rational conformal nets are wrong. More general, we show that cyclic permutations of order $n$ are non-anomalous if and only if $3\nmid n$ or $24|c$. We also show that all cyclic permutation gaugings of $\mathrm{Rep}(\mathcal A)$ arise from conformal nets.",2018-12-31 17:34:14+00:00,2018,1812.1191,5,27.49787735849057,16.0072641509434,18.90188679245283,16.827784334635936,"Scientific Abstract:

Using the result of Longo and Xu, we demonstrate that the anomaly arising from a cyclic permutation orbifold of order 3 of a holomorphic conformal net $\mathcal A$ with central charge $c=8k$, where $k\pmod 3 \neq 0$, depends on the ""graviataral anomaly"" modulo 3. In particular, we show that the conjecture that cyclic permutation orbifolds are non-anomalous and therefore a stronger notion of braided crossed $S_n$-categories arising from permutation orbifolds of completely rational conformal nets is incorrect. More generally, we demonstrate that cyclic permutations of order $n$ are non-anomalous if and only if $3\mid n$ or $24|c$. Furthermore, our analysis shows that the cyclic permutation gauge theories of $\mathrm{Rep}(\mathcal A)$ arise from conformal nets.",27.49787735849057,16.0072641509434,18.90188679245283,16.827784334635936,22.786206896551732,17.285517241379313,20.910344827586208,17.971250198000288
http://arxiv.org/abs/1812.09699v2,"Large time behavior, bi-Hamiltonian structure and kinetic formulation for complex Burgers equation",mathematics,"We prove the existence and uniqueness of positive analytical solutions with positive initial data to the mean field equation (the Dyson equation) of the Dyson Brownian motion through the complex Burgers equation with a force term on the upper half complex plane. These solutions converge to a steady state given by Wigner's semicircle law. A unique global weak solution with nonnegative initial data to the Dyson equation is obtained and some explicit solutions are given by Wigner's semicircle laws. We also construct a bi-Hamiltonian structure for the system of the real and imaginary components of the complex Burgers equation (coupled Burgers system). We establish a kinetic formulation for the coupled Burgers system and prove the existence and uniqueness of entropy solutions. The coupled Burgers system in Lagrangian variable naturally leads to two interacting particle systems: Fermi-Pasta-Ulam-Tsingou model with nearest-neighbor interactions, and Calogero-Moser model. These two particle systems yield the same Lagrangian dynamics in the continuum limit.",2018-12-23 12:52:42+00:00,2018,1812.09699,7,24.234230769230777,15.415531135531136,19.17069597069597,16.785175570968406,"Rewrite the scientific abstract using a more formal and academic tone:

Abstract:
We prove the existence and uniqueness of positive analytical solutions for a system of coupled first-order semi-linear differential equations, which include a complex Burgers equation with a force term on the upper half complex plane. These solutions converge to steady state given by Wiñer's semi-circle law. The solution is obtained through explicit bi-Hamiltonian structures and an integral kinetic formula for the coupled Burgers system. We also construct a bi-Hamiltonian structure for the real and imaginary components of the complex Burgers equation, which leads to two interacting particle systems: the Fermi-Paasta-Ulam-Tsingou model with nearest-neighbor interactions, and the Calogero-Moser model. The system is derived from a continuum limit of these two particle systems.

The abstract provides a detailed explanation of the subject matter of the scientific paper under review and emphasizes the novelty and originality of our findings.",24.234230769230777,15.415531135531136,19.17069597069597,16.785175570968406,19.457792792792816,16.673243243243245,19.326126126126127,16.92669308720184
http://arxiv.org/abs/1812.10629v1,Complexity of Reconfiguration Problems for Constraint Satisfaction,computer_science,"Constraint satisfaction problem (CSP) is a well-studied combinatorial search problem, in which we are asked to find an assignment of values to given variables so as to satisfy all of given constraints. We study a reconfiguration variant of CSP, in which we are given an instance of CSP together with its two satisfying assignments, and asked to determine whether one assignment can be transformed into the other by changing a single variable assignment at a time, while always remaining satisfying assignment. This problem generalizes several well-studied reconfiguration problems such as Boolean satisfiability reconfiguration, vertex coloring reconfiguration, homomorphism reconfiguration. In this paper, we study the problem from the viewpoints of polynomial-time solvability and parameterized complexity, and give several interesting boundaries of tractable and intractable cases.",2018-12-27 05:19:03+00:00,2018,1812.10629,5,-1.3348387096774277,21.146774193548385,23.36774193548388,20.267338824336647,"Abstract:
The Constraint Satisfaction Problem (CSP) is a well-studied combinatorial search problem that involves finding an assignment of values to given variables such that all constraints are satisfied simultaneously. In this paper, we present the Reconfigurable Constraint Satisfaction Problem (RCSP), which extends the CSP to consider the possibility of changing variable assignments at a time while maintaining the satisfaction of some subset of constraints. We study a variant of RCSP in which we are given an instance of RCSP together with its two satisfying assignment(s). Our problem generalizes several classical reconfiguration problems such as Boolean satisfability (SAT) and vertex coloring (VC), as well as homomorphic image restoration (HIR) and parameterized complexity. We present several interesting boundaries of tractable and intructable cases, where our algorithm is expected to be polynomially solvable in the worst-case or sublinear time.",-1.3348387096774275,21.146774193548385,23.367741935483874,20.267338824336647,8.782882352941186,18.791529411764703,21.174117647058825,18.669449996058646
http://arxiv.org/abs/1812.08185v3,Corner states of light in photonic waveguides,physics,"The recently established paradigm of higher-order topological states of matter has shown that not only, as previously thought, edge and surface states but also states localised to corners can have robust and exotic properties. Here we report on the experimental realisation of novel corner states made out of classical light in three-dimensional photonic structures inscribed in glass samples using femtosecond (fs) laser technology. By creating and analysing waveguide arrays forming two-dimensional breathing kagome lattices in various sample geometries, we establish this as a platform for corner states exhibiting a remarkable degree of flexibility and control. In each sample geometry we measure eigenmodes that are localised at the corners in a finite frequency range in complete analogy with a theoretical model of the breathing kagome. Here, the measurements reveal that light can be ""fractionalised"", corresponding to simultaneous localisation to each corner of a triangular sample, even in the presence of defects. The fabrication method applied in this work exposes the advantage of using fs-laser writing for producing compact three-dimensional devices thus paving the way for technological applications by simulating novel higher-order states of matter.",2018-12-19 19:00:07+00:00,2018,1812.08185,406,14.07422131147544,18.87330601092896,21.161748633879785,18.062587368997235,"Rewritten according to the requested word count:

Revised abstract:
Recent theoretical models have shown that topological edge and surface states exist in higher-order states of matter, but their realization was limited by experimental challenges. Here we report on the experimental realization of novel corner states made out of classical light in three-dimensional photoionization geometry scraped into glass samples using femtosecond (fs) laser technology. Our measurements show that the corner states exhibit a remarkable degree of flexibility and control, localized at corners in complete analogue with a theoretical model of their formation. By measuring eigenmodes and displaying simultaneous localisation to each corner in a finite frequency range, we reveal that light can be ""fractionalised"" despite the presence of defects in the sample, leading to compact three-dimensional devices for technological applications.",14.07422131147544,18.87330601092896,21.161748633879782,18.062587368997235,2.9338081395349036,20.86191860465117,23.752713178294574,20.027631371098494
http://arxiv.org/abs/1812.08639v2,SPECTECTOR: Principled Detection of Speculative Information Flows,computer_science,"Since the advent of SPECTRE, a number of countermeasures have been proposed and deployed. Rigorously reasoning about their effectiveness, however, requires a well-defined notion of security against speculative execution attacks, which has been missing until now. In this paper (1) we put forward speculative non-interference, the first semantic notion of security against speculative execution attacks, and (2) we develop SPECTECTOR, an algorithm based on symbolic execution to automatically prove speculative non-interference, or to detect violations. We implement SPECTECTOR in a tool, which we use to detect subtle leaks and optimizations opportunities in the way major compilers place SPECTRE countermeasures. A scalability analysis indicates that checking speculative non-interference does not exhibit fundamental bottlenecks beyond those inherited by symbolic execution.",2018-12-20 15:38:21+00:00,2018,1812.08639,173,-1.374932203389818,19.314000000000004,22.99932203389831,19.48791578843652,"Revised Scientific Abstract:
In the field of security research, there has been a growing need for well-defined criteria to determine effective measures against speculative execution attacks. In this paper, we present an extension to security against speculative execution attacks by proposing a new semantic notion of security known as speculacive non-interference (SNi). To develop SNi, we propose the use of symbolic execution as an algorithmic tool to automatically prove its effectiveness or detect potential violations. We implement our SPECTECTOR tool and demonstrate its utility in detecting subtle leakages and optimization opportunities in the way major compiler optimizations are placed. Our work extends existing security notions beyond those inherited by symbolic execution, indicating no fundamental bottlenecks to SNi.",-1.3749322033898181,19.314000000000004,22.99932203389831,19.48791578843652,2.314769230769258,18.749675213675214,23.37709401709402,19.48791578843652
